id,name,company,manufacturer_id,sort
1258134,Acer All in One Computer,Acer,143647,1
1258043,Acer Chromebook,Acer,143647,2
1257949,Acer Laptop,Acer,143647,3
1257994,Apple iPad 7th Gen 10.2 (2019),Apple,114510,14
1257995,2017 9.7inch (A1822/A1823),Apple,114510,13
1258331,a-1876,Apple,114510,0
1258313,A1932,Apple,114510,0
1258274,A2338,Apple,114510,0
1258219,Apple 13 Pro max  Back Glass,Apple,114510,0
1258140,Apple iPad 10.2 (2021),Apple,114510,15
1258229,Apple ipad 10.5,Apple,114510,0
1258379,"Apple iPad 10.9 10th Gen 2022 (A2757, A2777, A2696)",Apple,114510,0
1258258,apple ipad 12.9 lcd screen,Apple,114510,0
1258010,Apple iPad 2017 (5th Gen),Apple,114510,19
1257993,Apple iPad 2018 (6th Gen),Apple,114510,20
1258023,Apple iPad 3,Apple,114510,24
1258060,Apple iPad 8th Gen 10.2 (2020),Apple,114510,17
1258230,Apple ipad 9th  Screen,Apple,114510,0
1258234,Apple ipad 9th Gen A2602 A2603 A2604 A2605,Apple,114510,0
1258243,Apple ipad A1701,Apple,114510,0
1258220,Apple iPad A1893 LCD,Apple,114510,0
1258014,Apple iPad Air (A1475),Apple,114510,16
1258005,Apple iPad Air 2,Apple,114510,18
1258042,Apple iPad Air 3 (2019),Apple,114510,21
1258112,Apple iPad Air 4th Genetation (2020),Apple,114510,22
1258236,Apple iPad Air 5th (A2588),Apple,114510,0
1258011,Apple iPad iPad 2,Apple,114510,23
1258026,Apple iPad iPad 4,Apple,114510,25
1258000,Apple iPad Mini 1,Apple,114510,26
1257997,Apple iPad Mini 2,Apple,114510,27
1258012,Apple iPad Mini 3,Apple,114510,28
1257992,Apple iPad Mini 4,Apple,114510,29
1258239,Apple Ipad Mini 5,Apple,114510,0
1258298,Apple IPad Mini 6,Apple,114510,0
1258022,"Apple iPad Pro 10.5 A1701, A1709",Apple,114510,30
1258044,Apple iPad Pro 11 (2018) 1st Gen,Apple,114510,31
1258369,"Apple iPad Pro 11"" 2nd A2228",Apple,114510,0
1258317,"Apple iPad Pro 11"" 3rd (2021) A2459 A2377",Apple,114510,0
1258394,"Apple iPad Pro 11"" 4th A2759",Apple,114510,0
1258421,Apple iPad Pro 11‘’ (2024) 5th Gen A2836,Apple,114510,0
1258025,Apple iPad Pro 12.9 1st (2015),Apple,114510,33
1258431,Apple iPad Pro 12.9 2rd Gen A1670,Apple,114510,0
1258100,Apple iPad Pro 12.9 3rd (2018),Apple,114510,32
1258268,Apple iPad Pro 12.9 5th (2021) A2378,Apple,114510,0
1258377,Apple iPad Pro 12.9 6th (2022) A2436,Apple,114510,0
1258382,Apple iPad Pro 12.9“ 4th Gen A2229,Apple,114510,0
1258018,"Apple iPad Pro 9.7 A1673, A1674, A1675",Apple,114510,35
1258116,Apple iPhoen 7 Plus,Apple,114510,36
1257975,Apple iPhone 11,Apple,114510,37
1257983,Apple iPhone 11 Pro,Apple,114510,38
1257985,Apple iPhone 11 Pro Max,Apple,114510,39
1258068,Apple iPhone 12,Apple,114510,40
1258069,Apple iPhone 12 Mini,Apple,114510,41
1258270,Apple IPhone 12 Mini,Apple,114510,0
1258288,Apple IPhone 12 Pro,Apple,114510,0
1258071,Apple iPhone 12 Pro Max,Apple,114510,43
1258108,Apple iPhone 13,Apple,114510,44
1258110,Apple iPhone 13 Mini,Apple,114510,45
1258316,Apple IPhone 13 Mini,Apple,114510,0
1258109,Apple iPhone 13 Pro,Apple,114510,46
1258297,Apple IPhone 13 Pro,Apple,114510,0
1258111,Apple iPhone 13 Pro Max,Apple,114510,47
1258218,Apple Iphone 13 Pro Max Back Glass,Apple,114510,0
1258305,Apple iPhone 14,Apple,114510,0
1258175,Apple iPhone 14 (Don't use),Apple,114510,0
1258299,Apple iPhone 14 Plus,Apple,114510,0
1258176,Apple iPhone 14 Plus (Don't use),Apple,114510,0
1258300,Apple iPhone 14 Pro,Apple,114510,0
1258177,Apple iPhone 14 Pro (Don't use),Apple,114510,0
1258178,Apple iPhone 14 Pro Max,Apple,114510,0
1258315,Apple iPhone 14 Pro Max (Don't use),Apple,114510,0
1258262,Apple iPhone 15,Apple,114510,0
1258265,Apple iPhone 15 Plus,Apple,114510,0
1258263,Apple iPhone 15 Pro,Apple,114510,0
1258264,Apple iPhone 15 Pro Max,Apple,114510,0
1258345,Apple iPhone 16 Pro,Apple,114510,0
1258346,Apple iPhone 16 Pro Max,Apple,114510,0
1258414,Apple iPhone 16e,Apple,114510,0
1258396,Apple iPhone 17,Apple,114510,0
1258399,Apple iPhone 17 Air,Apple,114510,0
1258397,Apple iPhone 17 Pro,Apple,114510,0
1258398,Apple iPhone 17 Pro Max,Apple,114510,0
1251868,Apple iPhone 3,Apple,114510,48
1251869,Apple iPhone 4,Apple,114510,49
1251870,Apple iPhone 4S,Apple,114510,50
1251871,Apple iPhone 5,Apple,114510,51
1251872,Apple iPhone 5C,Apple,114510,52
1251873,Apple iPhone 5S,Apple,114510,53
1251875,Apple iPhone 6,Apple,114510,54
1251876,Apple iPhone 6 Plus,Apple,114510,55
1251877,Apple iPhone 6S,Apple,114510,56
1251878,Apple iPhone 6S Plus,Apple,114510,57
1251879,Apple iPhone 7,Apple,114510,58
1251880,Apple iPhone 7 Plus,Apple,114510,59
1251881,Apple iPhone 8,Apple,114510,60
1251882,Apple iPhone 8 Plus,Apple,114510,61
1251874,Apple iPhone SE,Apple,114510,62
1258153,Apple iPhone SE (2022),Apple,114510,0
1258053,Apple iPhone SE 2020,Apple,114510,63
1251883,Apple iPhone X,Apple,114510,64
1251884,Apple iPhone XR,Apple,114510,65
1251885,Apple iPhone Xs,Apple,114510,66
1251886,Apple iPhone Xs Max,Apple,114510,67
1258160,Apple Mac Mini,Apple,114510,0
1258232,Apple MAcbook A1493,Apple,114510,0
1258211,"Apple MacBook Air 13"" A2337 Year 2020",Apple,114510,0
1258002,Apple MacBook Air A1465,Apple,114510,68
1258207,Apple Macbook Air A1466,Apple,114510,0
1258151,Apple MacBook Pro 13-Inch 2020 A2338,Apple,114510,0
1258405,"Apple MacBook Pro 14"" M4 (2024) A3112",Apple,114510,0
1258426,Apple MacBook Pro 14' M3 (2023) A2918,Apple,114510,0
1258036,Apple MacBook Pro 15.6'' A1707,Apple,114510,69
1258009,Apple MacBook Pro A1708,Apple,114510,70
1258333,APPLE MACBOOK PRO A1990 -2018,Apple,114510,0
1258246,Apple Macbook Pro A2251,Apple,114510,0
1258415,"Apple MacBook Pro M1 16"" 2021 (A2485)",Apple,114510,0
1258061,Ima,Apple,114510,71
1258062,iMac,Apple,114510,72
1258329,IMAC A1419 -2015 -27INCH,Apple,114510,0
1258003,Ipad 10.2inch 7th Gen,Apple,114510,73
1257998,Ipad 2018,Apple,114510,74
1258402,iPad Air 1,Apple,114510,0
1257990,iPad Mini 4,Apple,114510,75
1257991,iPad pro 10.5,Apple,114510,76
1258213,"Ipad pro 11"" A1980",Apple,114510,0
1258215,Ipad pro A1980,Apple,114510,0
1258339,iPhone 13 / 14,Apple,114510,0
1258338,iPhone 13/14,Apple,114510,0
1258344,IPhone 16,Apple,114510,0
1258347,IPhone 16 plus,Apple,114510,0
1258242,iphone SE,Apple,114510,0
1257884,ipod 6,Apple,114510,77
1258325,iwacth 6,Apple,114510,0
1257987,mac  book pro,Apple,114510,78
1258034,"Macbook 12"" 2015 A1534",Apple,114510,79
1258332,MACBOOK A2338,Apple,114510,0
1258001,MacBook Air,Apple,114510,80
1258266,"MacBook Air (M2, 2022) A2681",Apple,114510,0
1258030,Macbook Air 11'' A1465 Year 2013-2015,Apple,114510,81
1258205,"Macbook Air 13"" A1932",Apple,114510,0
1258206,"Macbook Air 13"" A2179",Apple,114510,0
1258381,MacBook Air 13' 2011 A1369,Apple,114510,0
1258433,Macbook Air 13-inch A3113 2024,Apple,114510,0
1258417,"MacBook Air Retina 13"" A2179 (2020)",Apple,114510,0
1258432,Macbook Mini A1347,Apple,114510,0
1258017,Macbook Pro,Apple,114510,82
1258032,"Macbook Pro 13"" A1502",Apple,114510,83
1258322,Macbook pro 13inch A2159,Apple,114510,0
1258361,"MacBook Pro 14"" A2442 2021",Apple,114510,0
1258395,"MacBook Pro 15"" 2017 A1701",Apple,114510,0
1258033,"Macbook Pro 15"" A1398 2012 2013",Apple,114510,84
1258031,"Macbook Pro 15"" A1398 Late 2013 & 2014",Apple,114510,85
1258407,Macbook Pro 16 inch A2141 2019 & 2020,Apple,114510,0
1258016,Macbook Pro A1278,Apple,114510,86
1257996,Macbook Pro A1706,Apple,114510,88
1258020,Macbook Pro A1989,Apple,114510,89
1257889,Asus Chromebook,Asus,143638,1
1258152,Asus Computer,Asus,143638,0
1257900,Asus Laptop,Asus,143638,2
1258436,Asus Zenbook Flip,Asus,143638,0
1257885,laptop,Asus,143638,3
1257946,Apple Macbook A1708,del4,143642,1
1257999,DEL 1,del4,143642,87
1258311,Empty,del4,143642,0
1257948,Lenovo Ideapad MIIX 700-12ISK,del5,143646,1
1257923,Samsung Chrombook,del6,143640,1
1257890,GT-N5120,del7,143557,1
1257848,P600,del7,143557,2
1257947,Samsung Tab Active 2,del7,143557,3
1257957,Samsung Tablet A6,del7,143557,4
1257961,Samsung Tablet GT-P5210,del7,143557,5
1257851,Samsung Tablet SM-T355Y,del7,143557,6
1257902,Samsung Tablet SM-T530,del7,143557,7
1257901,Samsung Tablet Tab3,del7,143557,9
1257859,SM-211,del7,143557,10
1257938,SM-T520,del7,143557,11
1257939,SM-T535,del7,143557,12
1257920,T819,del7,143557,13
1257879,Tab 2,del7,143557,14
1257882,Tab A,del7,143557,15
1258127,Dell All in One Computer,Dell,143659,1
1258102,Dell Chromebook,Dell,143659,2
1258105,Dell CPU,Dell,143659,3
1258217,Dell Laptop,Dell,143659,0
1258095,Everis,Everis Laptop,143665,1
1258182,FUJITSU Laptop,FUJITSU,143666,0
1258059,Google Nexus 7,Google,143650,1
1258193,Google Pixel 1,Google,143650,0
1257970,Google Pixel 2,Google,143650,2
1258148,Google Pixel 3,Google,143650,0
1258154,Google Pixel 4 XL,Google,143650,0
1258259,Google pixel 4A 4g,Google,143650,0
1258260,Google pixel 4A 5G,Google,143650,0
1258240,Google pixel 5A,Google,143650,0
1258378,Google Pixel 6,Google,143650,0
1258439,Google Pixel 7,Google,143650,0
1258408,Google Pixel 8,Google,143650,0
1258256,Envy 360 Converible laptop,HP,143639,0
1258072,HP All in One Computer,HP,143639,1
1257875,HP Chromebook,HP,143639,2
1258074,HP Computer,HP,143639,3
1258139,HP CPU,HP,143639,4
1257869,HP laptop,HP,143639,5
1258070,HP Probook 450 G6,HP,143639,42
1258438,HP Touchscreen Laptop,HP,143639,0
1258440,HP Zbook,HP,143639,0
1258257,Laptop Screen,Hp Envy 360 Convertible ,143669,0
1257909,Huawei Honor 9 Lite,Huawei,143637,1
1257937,Huawei Nexus 6 Plus,Huawei,143637,2
1257922,huawei Nova 2i,Huawei,143637,3
1257958,Huawei Nova 3i,Huawei,143637,4
1257945,Huawei Nova 5T,Huawei,143637,5
1257950,Huawei P10 Lite,Huawei,143637,6
1257971,Huawei P8 Lite,Huawei,143637,7
1258050,Huawei P9 Lite,Huawei,143637,8
1257855,Huawei Phone Honor8,Huawei,143637,9
1251814,Huawei Phone Mate 10,Huawei,143637,10
1251812,Huawei Phone Mate 10 Pro,Huawei,143637,11
1258135,Huawei Phone Mate 20,Huawei,143637,12
1257867,Huawei Phone Mate 20 Pro,Huawei,143637,13
1258080,Huawei Phone Mate 30 Pro,Huawei,143637,14
1258427,Huawei Phone Mate 60 Pro,Huawei,143637,0
1251817,Huawei Phone Mate 7,Huawei,143637,15
1251816,Huawei Phone Mate 8,Huawei,143637,16
1251815,Huawei Phone Mate 9,Huawei,143637,17
1251813,Huawei Phone Mate 9 Pro,Huawei,143637,18
1251811,Huawei Phone Nova,Huawei,143637,19
1251810,Huawei Phone Nova 2,Huawei,143637,20
1251809,Huawei Phone Nova 3,Huawei,143637,21
1251822,Huawei Phone P10,Huawei,143637,22
1257951,Huawei Phone P10 Lite,Huawei,143637,23
1251820,Huawei Phone P10 Plus,Huawei,143637,24
1251819,Huawei Phone P20,Huawei,143637,25
1257965,Huawei Phone P20 Lite / Nova 3E,Huawei,143637,26
1251818,Huawei Phone P20 Pro,Huawei,143637,27
1257981,Huawei Phone P30,Huawei,143637,28
1258136,Huawei Phone P30 Lite,Huawei,143637,29
1257940,Huawei Phone P30 Pro,Huawei,143637,30
1258076,Huawei Phone P40,Huawei,143637,31
1258077,Huawei Phone P40 Pro,Huawei,143637,32
1251824,Huawei Phone P8,Huawei,143637,33
1251823,Huawei Phone P9,Huawei,143637,34
1251821,Huawei Phone P9 Plus,Huawei,143637,35
1257899,Huawei Phone SNE-AL00,Huawei,143637,36
1258082,Huawei Phone Y5 2019,Huawei,143637,37
1258079,Huawei Phone Y5P,Huawei,143637,38
1258078,Huawei Phone Y6P,Huawei,143637,39
1258081,Huawei Phone Y6s,Huawei,143637,40
1257907,Huawei Y6 2018,Huawei,143637,41
1258066,Huawei Y8 / Y7 Prime / Y7 Pro 2019,Huawei,143637,42
1257935,Huawei Y9 Prime 2019,Huawei,143637,43
1257921,ni,Huawei,143637,44
1257860,Acer Chromebook,Inphic,114515,1
1257881,Acer Laptop,Inphic,114515,2
1257877,Anyware Laptop,Inphic,114515,3
1257876,Apple MacBook Air A1465,Inphic,114515,4
1257854,ASUS R409C,Inphic,114515,5
1257913,Dell CPU,Inphic,114515,6
1257850,Desktop,Inphic,114515,7
1257872,Gigabyte laptop,Inphic,114515,8
1257912,IMAC,Inphic,114515,9
1257969,laptop,Inphic,114515,10
1257906,Lenovo Chromebook,Inphic,114515,11
1257857,mac  book pro,Inphic,114515,12
1257853,Mac BOOK A1278,Inphic,114515,13
1257871,MacBook Air,Inphic,114515,14
1257894,Macbook Pro,Inphic,114515,15
1257908,Macbook Pro A1989,Inphic,114515,16
1257911,Macbook Pro A1990,Inphic,114515,17
1257880,Surface Pro 3,Inphic,114515,18
1258254,iphone 11 Flash light Flex,iPhone,143658,0
1258255,iphone 13 pro Wireless charging Pad,iPhone,143658,0
1258319,iPhone 14 black back glass with parts,iPhone,143658,0
1257988,Acer Chromebook,Laptop,143652,1
1257986,ASUS R409C,Laptop,143652,2
1257873,Toshiba Laptop,Laptop,143652,3
1258101,Lenovo,Lenovo,143654,1
1258028,Lenovo Chromebook,Lenovo,143654,2
1258437,Lenovo Chromebook 11.6,Lenovo,143654,0
1258250,Lenovo IdeaPad,Lenovo,143654,0
1258117,Lenovo ideapad gaming,Lenovo,143654,19
1257878,Lenovo Laptop,Lenovo,143654,3
1258430,"Lenovo M10 FHD REL (TB-X605FC, TB-X605LC)",Lenovo,143654,0
1258388,Lenovo P11 (1st Gen),Lenovo,143654,0
1257984,Lenovo Thinkpad,Lenovo,143654,4
1257895,Lenovo ThinkPad  T450s 500GB 12GB i7-5600U,Lenovo,143654,5
1258290,GR3MK,LG ,143651,0
1257978,LG Phone G6,LG ,143651,1
1258281,V50,LG ,143651,0
1258406,MI Laptop,MI,143679,0
1258058,Chuwi Tablet Labor,Microdrive,143661,1
1258370,Go 2 1926,Microsoft Surface,143664,0
1258340,laptop 3,Microsoft Surface,143664,0
1258418,Microsoft 1868,Microsoft Surface,143664,0
1258146,Microsoft Surface 3 1867,Microsoft Surface,143664,0
1258357,Microsoft Surface 3 1950,Microsoft Surface,143664,0
1258389,Microsoft Surface Book (1st Gen),Microsoft Surface,143664,0
1258373,Microsoft surface Go 1,Microsoft Surface,143664,0
1258371,"Microsoft Surface Go 2 (1926, 1927)",Microsoft Surface,143664,0
1257866,microsoft Surface Go 3,Microsoft Surface,143664,4
1258374,Microsoft Surface Go 4 2067,Microsoft Surface,143664,0
1258360,Microsoft Surface Laptop 4 1951 Laptop 13.5,Microsoft Surface,143664,0
1258404,"Microsoft Surface Laptop 4 1979 Laptop 15""",Microsoft Surface,143664,0
1258429,Microsoft Surface Laptop Go 2 (2013),Microsoft Surface,143664,0
1258419,Microsoft Surface Laptop Studio,Microsoft Surface,143664,0
1258094,Microsoft Surface Pro 3,Microsoft Surface,143664,1
1258393,Microsoft Surface Pro 5th Gen,Microsoft Surface,143664,0
1258383,Microsoft Surface Pro 7,Microsoft Surface,143664,0
1258441,Microsoft Surface Pro 7+,Microsoft Surface,143664,0
1258149,Surface Pro 5/Surface Pro 2017 Model : 1796,Microsoft Surface,143664,0
1258275,Microsoft Surface Laptop 7,Microsoft Surface laptop 4 ,143668,0
1258248,Surface laptop 4 :1979,Microsoft Surface laptop 4 ,143668,0
1257967,Motorola Moto G7 Power,Motorola,143649,1
1258057,Motorola Moto G8,Motorola,143649,2
1258190,MSI Computer,MSI,143662,0
1258065,MSI Gaming Laptop,MSI,143662,1
1258385,MSI Laptop,MSI,143662,0
1257977,Nokia 3,Nokia,143645,1
1257943,Nokia 6,Nokia,143645,2
1258073,Nokia 7 Plus,Nokia,143645,3
1257964,Nokia 7.1,Nokia,143645,4
1257982,Nokia 7.2,Nokia,143645,5
1258159,Nokia 8 (TA-1004),Nokia,143645,0
1258104,Nokia 8.1,Nokia,143645,6
1258294,Nokia I7,Nokia,143645,0
1258391,Custom PC,OEM,143672,0
1257852,2017 9.7inch (A1822/A1823),OG Protector,114511,1
1251832,Apple iPad Air,OG Protector,114511,2
1251830,Apple iPad Air 2,OG Protector,114511,3
1251831,Apple iPad Air 2017 (5th Gen),OG Protector,114511,4
1257887,Apple iPad Air 2018 (6th Gen),OG Protector,114511,5
1251839,Apple iPad iPad 2,OG Protector,114511,6
1251838,Apple iPad iPad 3,OG Protector,114511,7
1251837,Apple iPad iPad 4,OG Protector,114511,8
1251836,Apple iPad Mini 1,OG Protector,114511,9
1251835,Apple iPad Mini 2,OG Protector,114511,10
1251834,Apple iPad Mini 3,OG Protector,114511,11
1251833,Apple iPad Mini 4,OG Protector,114511,12
1251828,Apple iPad Pro 10.5,OG Protector,114511,13
1251829,Apple iPad Pro 9.7,OG Protector,114511,16
1257903,Ipad 2018,OG Protector,114511,17
1258273,One Plus 6,Oneplus,143641,0
1258107,Oneplus 5,Oneplus,143641,1
1257933,Oneplus 6T,Oneplus,143641,2
1258412,A5,Oppo,143653,0
1258280,A53,Oppo,143653,0
1258309,A54 5G,Oppo,143653,0
1258351,A54s,Oppo,143653,0
1258286,A91 5G,Oppo,143653,0
1258307,Find X65 Pro,Oppo,143653,0
1258225,Oppo  A53 LCD Replacement,Oppo,143653,0
1258372,Oppo A18,Oppo,143653,0
1258039,Oppo A5,Oppo,143653,1
1258390,OPPO A52,Oppo,143653,0
1258231,Oppo A77 5G,Oppo,143653,0
1258203,Oppo A94 5G,Oppo,143653,0
1258386,Oppo A98 5G,Oppo,143653,0
1258040,Oppo AX5,Oppo,143653,2
1258209,OPPO Find X3 Lite,Oppo,143653,0
1258368,OPPO Find X5 Lite,Oppo,143653,0
1258308,Oppo Find X5 Pro,Oppo,143653,0
1258384,Oppo Find X6 Pro,Oppo,143653,0
1258375,Oppo Find X8 Pro,Oppo,143653,0
1258172,Oppo Phone A52,Oppo,143653,0
1258171,Oppo Phone A54 5G,Oppo,143653,0
1258128,Oppo Phone A7/AX7,Oppo,143653,3
1258114,Oppo Phone A9 2019,Oppo,143653,4
1258097,Oppo Phone A9 2020,Oppo,143653,5
1258115,Oppo Phone A91,Oppo,143653,6
1258137,Oppo Phone R11s,Oppo,143653,7
1257980,Oppo R15 Pro,Oppo,143653,8
1258428,OPPO Reno 10 Pro,Oppo,143653,0
1258271,OPPO Reno 7 5G,Oppo,143653,0
1258174,Phone Find X5 Pro,Oppo,143653,0
1258330,x3lite,Oppo,143653,0
1258435,a32,Other,114517,0
1257858,AMP Cube Street,Other,114517,1
1257893,Apple CPU,Other,114517,2
1257847,Apple Ipod 5,Other,114517,3
1257883,Asus Laptop,Other,114517,4
1258249,Computer,Other,114517,0
1258214,GAmers pc,Other,114517,0
1258208,Garmin,Other,114517,0
1258247,Harddrive,Other,114517,0
1258354,Hardrive,Other,114517,0
1257864,ideapad,Other,114517,5
1257886,IMAC,Other,114517,6
1258364,Kandle,Other,114517,0
1258365,Kindle,Other,114517,0
1258283,Lenovo,Other,114517,0
1257891,LG G6,Other,114517,7
1257904,Meizu,Other,114517,8
1258223,Microsoft Surface Go 3,Other,114517,0
1257862,millig x,Other,114517,9
1257849,Mis laptop,Other,114517,10
1257944,Nokia 6,Other,114517,11
1257874,Oneplus 3,Other,114517,12
1257898,OPPO  Phone R15 Pro,Other,114517,13
1258324,P.C.B motherboard,Other,114517,0
1257861,Phab 2 Pro,Other,114517,14
1257934,Sony Xperia XZ,Other,114517,15
1257856,sony z5,Other,114517,16
1258387,The Warehouse Tablet E0108,Other,114517,0
1258253,vivo S16 Screen,Other,114517,0
1257910,Windows Surface  RT,Other,114517,17
1257941,Xiaomi Pocophone F1,Other,114517,18
1258465,__deleted__,Samsung,114512,0
1258443,__probe_should_409_or_fail__,Samsung,114512,0
1258410,a35,Samsung,114512,0
1258327,phone,Samsung,114512,0
1258318,S9 Tablet,Samsung,114512,0
1258103,Samsung  Chromebook,Samsung,114512,2
1257936,Samsung A20,Samsung,114512,4
1250923,Samsung A3 2016,Samsung,114512,6
1250924,Samsung A3 2017,Samsung,114512,7
1258363,Samsung A320,Samsung,114512,0
1258411,Samsung A35,Samsung,114512,0
1257968,Samsung A40 SM-A405FN/DS,Samsung,114512,8
1250925,Samsung A5 500,Samsung,114512,9
1250926,Samsung A5 510,Samsung,114512,10
1250928,Samsung A5 520,Samsung,114512,11
1250930,Samsung A7 A700,Samsung,114512,12
1250931,Samsung A7 A710,Samsung,114512,13
1250932,Samsung A7 A720,Samsung,114512,14
1250933,Samsung A8 A530,Samsung,114512,15
1250934,Samsung A8 Plus A730,Samsung,114512,16
1258015,Samsung Chrombook,Samsung,114512,17
1258425,Samsung Chromebook,Samsung,114512,0
1258434,Samsung Cover 7,Samsung,114512,0
1258392,Samsung Fold 3,Samsung,114512,0
1257918,Samsung Galaxy  A10,Samsung,114512,3
1258090,Samsung Galaxy A01,Samsung,114512,18
1258119,Samsung Galaxy A02,Samsung,114512,19
1258088,Samsung Galaxy A02S,Samsung,114512,20
1258301,Samsung Galaxy A03,Samsung,114512,0
1258138,Samsung Galaxy A03s,Samsung,114512,21
1258198,Samsung Galaxy A04,Samsung,114512,0
1258328,Samsung Galaxy A05,Samsung,114512,0
1258413,Samsung Galaxy A05S,Samsung,114512,0
1258366,Samsung Galaxy A06 4G,Samsung,114512,0
1258121,Samsung Galaxy A11,Samsung,114512,22
1258087,Samsung Galaxy A12,Samsung,114512,23
1258296,Samsung Galaxy A12,Samsung,114512,0
1258314,Samsung Galaxy A13,Samsung,114512,0
1258188,"Samsung Galaxy A13 (March,2022)",Samsung,114512,0
1258187,"Samsung Galaxy A13 (SM-A137) (July,2022)",Samsung,114512,0
1258189,"Samsung Galaxy A13 5G (December,2021)",Samsung,114512,0
1258221,Samsung Galaxy A14 5G,Samsung,114512,0
1258362,Samsung Galaxy A15 5G,Samsung,114512,0
1258376,Samsung Galaxy A16 5G,Samsung,114512,0
1258157,Samsung Galaxy A20,Samsung,114512,0
1258143,Samsung Galaxy A21,Samsung,114512,24
1258045,Samsung Galaxy A21S,Samsung,114512,5
1258158,Samsung Galaxy A21s,Samsung,114512,0
1258118,Samsung Galaxy A22 4G,Samsung,114512,25
1258142,Samsung Galaxy A22 5G,Samsung,114512,26
1258282,Samsung Galaxy A22 5G,Samsung,114512,0
1258185,Samsung Galaxy A23,Samsung,114512,0
1258186,Samsung Galaxy A23 5G,Samsung,114512,0
1258295,Samsung Galaxy A24,Samsung,114512,0
1258423,Samsung Galaxy A25 5G,Samsung,114512,0
1258122,Samsung Galaxy A30,Samsung,114512,27
1258212,Samsung Galaxy A31,Samsung,114512,0
1258227,Samsung Galaxy A31,Samsung,114512,0
1258226,Samsung Galaxy A31 Chargerport,Samsung,114512,0
1258093,Samsung Galaxy A32 4G,Samsung,114512,29
1258129,Samsung Galaxy A32 5G,Samsung,114512,30
1258228,Samsung Galaxy A33,Samsung,114512,0
1258184,Samsung Galaxy A33 5G,Samsung,114512,0
1258241,Samsung Galaxy A34 5G,Samsung,114512,0
1258024,Samsung Galaxy A35 5G,Samsung,114512,34
1258462,Samsung Galaxy A36 5G,Samsung,114512,0
1258155,Samsung Galaxy A50,Samsung,114512,0
1258067,Samsung Galaxy A51,Samsung,114512,31
1258310,Samsung Galaxy A51 5G,Samsung,114512,0
1258064,Samsung Galaxy A52,Samsung,114512,32
1258201,Samsung Galaxy A52 5G,Samsung,114512,0
1258199,Samsung Galaxy A52s,Samsung,114512,0
1258173,Samsung Galaxy A53,Samsung,114512,0
1258321,Samsung Galaxy A53,Samsung,114512,0
1258272,Samsung Galaxy A53 5G,Samsung,114512,0
1258204,Samsung Galaxy A53s,Samsung,114512,0
1258320,Samsung Galaxy A54 5G,Samsung,114512,0
1258460,Samsung Galaxy A55 5G,Samsung,114512,0
1258461,Samsung Galaxy A56 5G,Samsung,114512,0
1258196,Samsung Galaxy A7 (2017),Samsung,114512,0
1258233,Samsung Galaxy A70,Samsung,114512,0
1258089,Samsung Galaxy A71 4G,Samsung,114512,33
1258197,Samsung Galaxy A71 5G,Samsung,114512,0
1258086,Samsung Galaxy A72,Samsung,114512,34
1258156,Samsung Galaxy A72 4G,Samsung,114512,0
1258183,Samsung Galaxy A73,Samsung,114512,0
1258292,Samsung Galaxy A73-5G,Samsung,114512,0
1258092,Samsung Galaxy A80,Samsung,114512,35
1258091,Samsung Galaxy A90,Samsung,114512,36
1258216,Samsung Galaxy J5 Pro 2017 SM-J530,Samsung,114512,0
1258113,Samsung Galaxy J8,Samsung,114512,37
1258235,Samsung Galaxy M32,Samsung,114512,0
1258161,Samsung Galaxy M51,Samsung,114512,0
1258277,Samsung Galaxy M51,Samsung,114512,0
1258463,Samsung Galaxy Note 10 Lite,Samsung,114512,0
1258293,Samsung Galaxy Note 20 Ultra,Samsung,114512,0
1258289,Samsung Galaxy Note 8,Samsung,114512,0
1257966,Samsung Galaxy Note N7000,Samsung,114512,38
1258163,Samsung Galaxy Note10,Samsung,114512,0
1258164,Samsung Galaxy Note10 Plus,Samsung,114512,0
1258123,Samsung Galaxy Note20,Samsung,114512,39
1258124,Samsung Galaxy Note20 Ultra,Samsung,114512,40
1258252,Samsung Galaxy s10,Samsung,114512,0
1258224,Samsung Galaxy S10 plus,Samsung,114512,0
1258047,Samsung Galaxy S20,Samsung,114512,41
1258056,Samsung Galaxy S20 FE,Samsung,114512,42
1258054,Samsung Galaxy S20 Plus,Samsung,114512,43
1258046,Samsung Galaxy S20 Ultra,Samsung,114512,44
1258083,Samsung Galaxy S21,Samsung,114512,45
1258269,Samsung Galaxy S21,Samsung,114512,0
1258200,Samsung Galaxy S21 5G,Samsung,114512,0
1258284,Samsung Galaxy S21 FE,Samsung,114512,0
1258180,Samsung Galaxy S21 FE 5G,Samsung,114512,0
1258085,Samsung Galaxy S21 Plus,Samsung,114512,46
1258278,Samsung Galaxy S21 Plus,Samsung,114512,0
1258084,Samsung Galaxy S21 Ultra,Samsung,114512,47
1258276,Samsung Galaxy S21 Ultra,Samsung,114512,0
1258165,Samsung Galaxy S22,Samsung,114512,0
1258306,Samsung Galaxy S22,Samsung,114512,0
1258166,Samsung Galaxy S22 Plus,Samsung,114512,0
1258291,Samsung Galaxy S22 Plus,Samsung,114512,0
1258162,Samsung Galaxy S22 Ultra,Samsung,114512,0
1258285,Samsung Galaxy S22 Ultra,Samsung,114512,0
1258312,Samsung Galaxy S23,Samsung,114512,0
1258420,Samsung Galaxy S23 Plus,Samsung,114512,0
1258303,Samsung Galaxy S23 Ultra,Samsung,114512,0
1258251,Samsung galaxy S23 Ultra (Don't Use),Samsung,114512,0
1258334,Samsung Galaxy S24,Samsung,114512,0
1258448,Samsung Galaxy S24 FE,Samsung,114512,0
1258336,Samsung Galaxy S24 Plus,Samsung,114512,0
1258335,Samsung Galaxy S24 Ultra,Samsung,114512,0
1258444,Samsung Galaxy S25,Samsung,114512,0
1258446,Samsung Galaxy S25 Edge,Samsung,114512,0
1258447,Samsung Galaxy S25 FE,Samsung,114512,0
1258403,Samsung Galaxy S25 Ultra,Samsung,114512,0
1258445,Samsung Galaxy S25+,Samsung,114512,0
1257974,Samsung Galaxy S5 mini,Samsung,114512,1
1258261,Samsung Galaxy S7,Samsung,114512,0
1258168,Samsung Galaxy Tab 4 8.0 (SM-T330),Samsung,114512,0
1258049,"Samsung Galaxy Tab A (8'' , 2019)",Samsung,114512,48
1258169,Samsung Galaxy Tab A 10.1 (2016) SM-T580 SM-T585,Samsung,114512,0
1258191,Samsung Galaxy Tab A 10.1 (2019),Samsung,114512,0
1258179,Samsung Galaxy Tab A 10.1 (2019) SM-T515,Samsung,114512,0
1258063,Samsung Galaxy Tab A 10.5 (SM-T590),Samsung,114512,49
1258170,Samsung Galaxy Tab A 8.0 (2017) SM-T385,Samsung,114512,0
1258133,Samsung Galaxy Tab A 9.7,Samsung,114512,50
1258194,"Samsung Galaxy Tab A7 10.4 (2020) SM-T500 , T505",Samsung,114512,0
1258150,Samsung Galaxy Tab A8 10.5 (2021) SM-X200/SM-X205,Samsung,114512,0
1258416,Samsung Galaxy Tab A9 (SM-X110N),Samsung,114512,0
1258380,Samsung Galaxy Tab A9+ (SM-X210N),Samsung,114512,0
1258038,Samsung Galaxy Tab Active,Samsung,114512,51
1258144,Samsung Galaxy Tab S 10.5 (SM-T800),Samsung,114512,52
1258055,Samsung Galaxy Tab S2 9.7 SM-T815Y,Samsung,114512,53
1258422,Samsung Galaxy Tab S6 Lite,Samsung,114512,0
1258195,"Samsung Galaxy Tab S6 Lite SM-P610, SM-P615",Samsung,114512,0
1258145,Samsung Galaxy Tab S7 (SM-T870),Samsung,114512,0
1258126,Samsung Galaxy Xcover 4s,Samsung,114512,54
1258181,Samsung Galaxy Xcover 5,Samsung,114512,0
1258464,Samsung Galaxy XCover 6 Pro,Samsung,114512,0
1258192,Samsung Galaxy Xcover Pro,Samsung,114512,0
1258458,Samsung Galaxy Z Flip,Samsung,114512,0
1258459,Samsung Galaxy Z Flip 5G,Samsung,114512,0
1258457,Samsung Galaxy Z Flip3,Samsung,114512,0
1258455,Samsung Galaxy Z Flip4,Samsung,114512,0
1258449,Samsung Galaxy Z Flip5,Samsung,114512,0
1258450,Samsung Galaxy Z Flip6,Samsung,114512,0
1258451,Samsung Galaxy Z Flip7,Samsung,114512,0
1258442,Samsung Galaxy Z Fold2,Samsung,114512,0
1258456,Samsung Galaxy Z Fold4,Samsung,114512,0
1258452,Samsung Galaxy Z Fold5,Samsung,114512,0
1258453,Samsung Galaxy Z Fold6,Samsung,114512,0
1258454,Samsung Galaxy Z Fold7,Samsung,114512,0
1250935,Samsung J110,Samsung,114512,56
1250937,Samsung J111,Samsung,114512,57
1250938,Samsung J120,Samsung,114512,58
1250939,Samsung J2 Prime,Samsung,114512,59
1250940,Samsung J2 Pro J250,Samsung,114512,60
1250941,Samsung J200,Samsung,114512,61
1250942,Samsung J3 Prime,Samsung,114512,62
1250943,Samsung J3 Pro,Samsung,114512,63
1250944,Samsung J320,Samsung,114512,64
1257914,Samsung J4 Plus,Samsung,114512,65
1250945,Samsung J400,Samsung,114512,66
1250950,Samsung J5 520,Samsung,114512,67
1250951,Samsung J5 J500,Samsung,114512,68
1250952,Samsung J5 J510,Samsung,114512,69
1250954,Samsung J5 Prime G570,Samsung,114512,70
1250948,Samsung J600,Samsung,114512,71
1250956,Samsung J7 J700,Samsung,114512,72
1250957,Samsung J7 J701,Samsung,114512,73
1250959,Samsung J7 Prime G610,Samsung,114512,74
1250960,Samsung J7 Pro J730,Samsung,114512,75
1250958,Samsung J710,Samsung,114512,76
1250949,Samsung J800,Samsung,114512,77
1257915,Samsung Laptop,Samsung,114512,78
1258323,Samsung Note 9,Samsung,114512,0
1257973,Samsung Note Plus,Samsung,114512,82
1257972,Samsung Note10,Samsung,114512,79
1258029,Samsung Note10 Plus,Samsung,114512,80
1258106,Samsung Note20 Ultra,Samsung,114512,81
1250855,Samsung Note8,Samsung,114512,83
1258341,Samsung NT930QCT,Samsung,114512,0
1258367,Samsung P610,Samsung,114512,0
1258147,Samsung Phone A03/A12 Nacho,Samsung,114512,0
1257976,Samsung Phone A11,Samsung,114512,84
1257952,Samsung Phone A20,Samsung,114512,85
1257919,Samsung Phone A30,Samsung,114512,86
1257953,Samsung Phone A30,Samsung,114512,87
1251852,Samsung Phone A310(2016),Samsung,114512,88
1251851,Samsung Phone A320(2017),Samsung,114512,89
1257954,Samsung Phone A40,Samsung,114512,90
1257955,Samsung Phone A50,Samsung,114512,91
1251850,Samsung Phone A510(2016),Samsung,114512,92
1251849,Samsung Phone A520(2017),Samsung,114512,93
1257956,Samsung Phone A70,Samsung,114512,94
1251848,Samsung Phone A720(2017),Samsung,114512,95
1251847,Samsung Phone A8 A530,Samsung,114512,96
1251846,Samsung Phone A8 Plus A730,Samsung,114512,97
1258051,Samsung Phone Gaxaly A31,Samsung,114512,55
1251845,Samsung Phone J3 Pro J330,Samsung,114512,98
1251843,Samsung Phone J5 Prime (G570),Samsung,114512,99
1251842,Samsung Phone J5 Pro J530,Samsung,114512,100
1251844,Samsung Phone J500,Samsung,114512,101
1251841,Samsung Phone J7 Prime (G610),Samsung,114512,102
1251840,Samsung Phone J7 Pro J730,Samsung,114512,103
1254569,Samsung Phone Note2,Samsung,114512,104
1254568,Samsung Phone Note3,Samsung,114512,105
1251855,Samsung Phone Note4,Samsung,114512,106
1251854,Samsung Phone Note5,Samsung,114512,107
1250856,Samsung Phone Note7,Samsung,114512,108
1251853,Samsung Phone Note8,Samsung,114512,109
1250859,Samsung Phone Note9,Samsung,114512,110
1257916,Samsung Phone S10,Samsung,114512,111
1257917,Samsung Phone S10 Plus,Samsung,114512,112
1251867,Samsung Phone S3,Samsung,114512,113
1251866,Samsung Phone S4,Samsung,114512,114
1251865,Samsung Phone S5,Samsung,114512,115
1251864,Samsung Phone S6,Samsung,114512,116
1251863,Samsung Phone S6 Edge,Samsung,114512,117
1251862,Samsung Phone S6 Edge Plus,Samsung,114512,118
1251861,Samsung Phone S7,Samsung,114512,119
1251860,Samsung Phone S7 Edge,Samsung,114512,120
1251859,Samsung Phone S8,Samsung,114512,121
1251858,Samsung Phone S8 Plus,Samsung,114512,122
1251857,Samsung Phone S9,Samsung,114512,123
1251856,Samsung Phone S9 Plus,Samsung,114512,124
1257905,Samsung S10E,Samsung,114512,125
1258287,Samsung S20,Samsung,114512,0
1258337,Samsung S22 Ultra,Samsung,114512,0
1258400,Samsung S23 FE,Samsung,114512,0
1258008,Samsung Tab Active 2,Samsung,114512,126
1258007,Samsung Tablet A6,Samsung,114512,127
1258245,Samsung Tablet A7,Samsung,114512,0
1258238,Samsung Tablet A7 lite,Samsung,114512,0
1258004,Samsung Tablet GT-P5210,Samsung,114512,128
1258409,Samsung Tablet SM-T220,Samsung,114512,0
1258096,Samsung Tablet SM-T290,Samsung,114512,129
1258098,Samsung Tablet SM-T350/355,Samsung,114512,130
1258037,Samsung Tablet SM-T355Y,Samsung,114512,131
1258019,Samsung Tablet SM-T530,Samsung,114512,132
1258099,Samsung Tablet SM-T560,Samsung,114512,133
1258006,Samsung Tablet SM-T580,Samsung,114512,134
1258052,Samsung Tablet SM-T813,Samsung,114512,135
1258237,Samsung Tablet T385,Samsung,114512,0
1258021,Samsung Tablet Tab3,Samsung,114512,136
1250961,Samsung Xcover 3,Samsung,114512,137
1250962,Samsung Xcover 4,Samsung,114512,138
1258304,Samsung Xcover 7,Samsung,114512,0
1258279,SM-T510,Samsung,114512,0
1258013,SM-T520,Samsung,114512,139
1258348,SM-T720,Samsung,114512,0
1258244,Tablet A7,Samsung,114512,0
1258120,to be Change,Samsung,114512,28
1258342,camera,Sony,143648,0
1258075,Sony Laptop,Sony,143648,1
1258027,Toshiba Laptop,Toshiba,143644,1
1258267,Vivo S16,Vivo,143670,0
1258035,Vodafone Smart V10,Vodafone,143656,1
1258167,Vodafone Smart V11,Vodafone,143656,0
1257888,General Watch,Watch,114516,1
1257989,HP laptop,Watch,114516,2
1258326,10 pro,Xiaomi,143643,0
1258343,poco f2 pro,Xiaomi,143643,0
1257942,Pocophone F1,Xiaomi,143643,1
1258210,Redmi K30 pro,Xiaomi,143643,0
1258202,Xiaomi 11 5G,Xiaomi,143643,0
1258302,xiaomi 12T,Xiaomi,143643,0
1258041,Xiaomi Mi A2,Xiaomi,143643,2
1258424,Xiaomi Poco X3 NFC,Xiaomi,143643,0
1258401,Xiaomi Poco X7,Xiaomi,143643,0
1258222,Xiaomi Redmi 11 5G,Xiaomi,143643,0
1258141,Xiaomi Redmi 9T,Xiaomi,143643,3
1257960,Xiaomi Redmi Note 5,Xiaomi,143643,4
1257962,Xiaomi Redmi Note 6 Pro,Xiaomi,143643,5
1258048,Xiaomi Redmi Note 7,Xiaomi,143643,6
1258125,Xiaomi Redmi Note 9,Xiaomi,143643,7
