group_type,group_key,group_name,company,id,name,sort,manufacturer_id,action
exact,apple|apple iphone 12 mini,Apple iPhone 12 Mini,Apple,1258069,Apple iPhone 12 Mini,41,114510,KEEP
exact,apple|apple iphone 12 mini,Apple iPhone 12 Mini,Apple,1258270,Apple IPhone 12 Mini,0,114510,MERGE_OR_DELETE
exact,apple|apple iphone 13 mini,Apple iPhone 13 Mini,Apple,1258110,Apple iPhone 13 Mini,45,114510,KEEP
exact,apple|apple iphone 13 mini,Apple iPhone 13 Mini,Apple,1258316,Apple IPhone 13 Mini ,0,114510,MERGE_OR_DELETE
exact,apple|apple iphone 13 pro,Apple iPhone 13 Pro,Apple,1258109,Apple iPhone 13 Pro,46,114510,KEEP
exact,apple|apple iphone 13 pro,Apple iPhone 13 Pro,Apple,1258297,Apple IPhone 13 Pro,0,114510,MERGE_OR_DELETE
exact,samsung|samsung chromebook,Samsung  Chromebook,Samsung,1258103,Samsung  Chromebook,2,114512,KEEP
exact,samsung|samsung chromebook,Samsung  Chromebook,Samsung,1258425,Samsung Chromebook,0,114512,MERGE_OR_DELETE
exact,samsung|samsung galaxy a12,Samsung Galaxy A12,Samsung,1258087,Samsung Galaxy A12,23,114512,KEEP
exact,samsung|samsung galaxy a12,Samsung Galaxy A12,Samsung,1258296,Samsung Galaxy A12,0,114512,MERGE_OR_DELETE
exact,samsung|samsung galaxy a21s,Samsung Galaxy A21S,Samsung,1258045,Samsung Galaxy A21S,5,114512,KEEP
exact,samsung|samsung galaxy a21s,Samsung Galaxy A21S,Samsung,1258158,Samsung Galaxy A21s,0,114512,MERGE_OR_DELETE
exact,samsung|samsung galaxy a22 5g,Samsung Galaxy A22 5G,Samsung,1258142,Samsung Galaxy A22 5G,26,114512,KEEP
exact,samsung|samsung galaxy a22 5g,Samsung Galaxy A22 5G,Samsung,1258282,Samsung Galaxy A22 5G,0,114512,MERGE_OR_DELETE
exact,samsung|samsung galaxy a31,Samsung Galaxy A31,Samsung,1258212,Samsung Galaxy A31,0,114512,KEEP
exact,samsung|samsung galaxy a31,Samsung Galaxy A31,Samsung,1258227,Samsung Galaxy A31,0,114512,MERGE_OR_DELETE
exact,samsung|samsung galaxy a53,Samsung Galaxy A53,Samsung,1258173,Samsung Galaxy A53,0,114512,KEEP
exact,samsung|samsung galaxy a53,Samsung Galaxy A53,Samsung,1258321,Samsung Galaxy A53 ,0,114512,MERGE_OR_DELETE
exact,samsung|samsung galaxy m51,Samsung Galaxy M51,Samsung,1258161,Samsung Galaxy M51,0,114512,KEEP
exact,samsung|samsung galaxy m51,Samsung Galaxy M51,Samsung,1258277,Samsung Galaxy M51,0,114512,MERGE_OR_DELETE
exact,samsung|samsung galaxy s21,Samsung Galaxy S21,Samsung,1258083,Samsung Galaxy S21,45,114512,KEEP
exact,samsung|samsung galaxy s21,Samsung Galaxy S21,Samsung,1258269,Samsung Galaxy S21,0,114512,MERGE_OR_DELETE
exact,samsung|samsung galaxy s21 plus,Samsung Galaxy S21 Plus,Samsung,1258085,Samsung Galaxy S21 Plus,46,114512,KEEP
exact,samsung|samsung galaxy s21 plus,Samsung Galaxy S21 Plus,Samsung,1258278,Samsung Galaxy S21 Plus,0,114512,MERGE_OR_DELETE
exact,samsung|samsung galaxy s21 ultra,Samsung Galaxy S21 Ultra,Samsung,1258084,Samsung Galaxy S21 Ultra,47,114512,KEEP
exact,samsung|samsung galaxy s21 ultra,Samsung Galaxy S21 Ultra,Samsung,1258276,Samsung Galaxy S21 Ultra,0,114512,MERGE_OR_DELETE
exact,samsung|samsung galaxy s22,Samsung Galaxy S22,Samsung,1258165,Samsung Galaxy S22,0,114512,KEEP
exact,samsung|samsung galaxy s22,Samsung Galaxy S22,Samsung,1258306,Samsung Galaxy S22,0,114512,MERGE_OR_DELETE
exact,samsung|samsung galaxy s22 plus,Samsung Galaxy S22 Plus,Samsung,1258166,Samsung Galaxy S22 Plus,0,114512,KEEP
exact,samsung|samsung galaxy s22 plus,Samsung Galaxy S22 Plus,Samsung,1258291,Samsung Galaxy S22 Plus,0,114512,MERGE_OR_DELETE
exact,samsung|samsung galaxy s22 ultra,Samsung Galaxy S22 Ultra,Samsung,1258162,Samsung Galaxy S22 Ultra,0,114512,KEEP
exact,samsung|samsung galaxy s22 ultra,Samsung Galaxy S22 Ultra,Samsung,1258285,Samsung Galaxy S22 Ultra,0,114512,MERGE_OR_DELETE
exact,samsung|samsung phone a30,Samsung Phone A30,Samsung,1257953,Samsung Phone A30,87,114512,KEEP
exact,samsung|samsung phone a30,Samsung Phone A30,Samsung,1257919,Samsung Phone A30,86,114512,MERGE_OR_DELETE
near,apple|ipad mini 4,iPad Mini 4,Apple,1257990,iPad Mini 4,75,114510,KEEP
near,apple|ipad mini 4,iPad Mini 4,Apple,1257992,Apple iPad Mini 4,29,114510,REVIEW_MERGE
near,apple|iphone se,Apple iPhone SE,Apple,1251874,Apple iPhone SE,62,114510,KEEP
near,apple|iphone se,Apple iPhone SE,Apple,1258242,iphone SE,0,114510,REVIEW_MERGE
near,asus|laptop,laptop,Asus,1257885,laptop,3,143638,KEEP
near,asus|laptop,laptop,Asus,1257900,Asus Laptop,2,143638,REVIEW_MERGE
near,huawei|p10 lite,Huawei Phone P10 Lite,Huawei,1257951,Huawei Phone P10 Lite,23,143637,KEEP
near,huawei|p10 lite,Huawei Phone P10 Lite,Huawei,1257950,Huawei P10 Lite,6,143637,REVIEW_MERGE
near,oppo|a5,Oppo A5,Oppo,1258039,Oppo A5 ,1,143653,KEEP
near,oppo|a5,Oppo A5,Oppo,1258412,A5,0,143653,REVIEW_MERGE
near,oppo|a52,Oppo Phone A52,Oppo,1258172,Oppo Phone A52,0,143653,KEEP
near,oppo|a52,Oppo Phone A52,Oppo,1258390,OPPO A52,0,143653,REVIEW_MERGE
near,oppo|a54 5g,Oppo Phone A54 5G,Oppo,1258171,Oppo Phone A54 5G,0,143653,KEEP
near,oppo|a54 5g,Oppo Phone A54 5G,Oppo,1258309,A54 5G,0,143653,REVIEW_MERGE
near,oppo|find x5 pro,Phone Find X5 Pro,Oppo,1258174,Phone Find X5 Pro,0,143653,KEEP
near,oppo|find x5 pro,Phone Find X5 Pro,Oppo,1258308,Oppo Find X5 Pro,0,143653,REVIEW_MERGE
near,samsung|a11,Samsung Phone A11,Samsung,1257976,Samsung Phone A11,84,114512,KEEP
near,samsung|a11,Samsung Phone A11,Samsung,1258121,Samsung Galaxy A11,22,114512,REVIEW_MERGE
near,samsung|a20,Samsung Phone A20,Samsung,1257952,Samsung Phone A20,85,114512,KEEP
near,samsung|a20,Samsung Phone A20,Samsung,1257936,Samsung A20,4,114512,REVIEW_MERGE
near,samsung|a20,Samsung Phone A20,Samsung,1258157,Samsung Galaxy A20,0,114512,REVIEW_MERGE
near,samsung|a30,Samsung Phone A30,Samsung,1257953,Samsung Phone A30,87,114512,KEEP
near,samsung|a30,Samsung Phone A30,Samsung,1257919,Samsung Phone A30,86,114512,REVIEW_MERGE
near,samsung|a30,Samsung Phone A30,Samsung,1258122,Samsung Galaxy A30,27,114512,REVIEW_MERGE
near,samsung|a35,a35,Samsung,1258410,a35,0,114512,KEEP
near,samsung|a35,a35,Samsung,1258411,Samsung A35,0,114512,REVIEW_MERGE
near,samsung|a50,Samsung Phone A50,Samsung,1257955,Samsung Phone A50,91,114512,KEEP
near,samsung|a50,Samsung Phone A50,Samsung,1258155,Samsung Galaxy A50,0,114512,REVIEW_MERGE
near,samsung|a7,Samsung Tablet A7,Samsung,1258245,Samsung Tablet A7,0,114512,KEEP
near,samsung|a7,Samsung Tablet A7,Samsung,1258244,Tablet A7 ,0,114512,REVIEW_MERGE
near,samsung|a70,Samsung Phone A70,Samsung,1257956,Samsung Phone A70,94,114512,KEEP
near,samsung|a70,Samsung Phone A70,Samsung,1258233,Samsung Galaxy A70,0,114512,REVIEW_MERGE
near,samsung|a8 a530,Samsung Phone A8 A530,Samsung,1251847,Samsung Phone A8 A530,96,114512,KEEP
near,samsung|a8 a530,Samsung Phone A8 A530,Samsung,1250933,Samsung A8 A530,15,114512,REVIEW_MERGE
near,samsung|a8 plus a730,Samsung Phone A8 Plus A730,Samsung,1251846,Samsung Phone A8 Plus A730,97,114512,KEEP
near,samsung|a8 plus a730,Samsung Phone A8 Plus A730,Samsung,1250934,Samsung A8 Plus A730,16,114512,REVIEW_MERGE
near,samsung|j5 prime g570,Samsung Phone J5 Prime (G570),Samsung,1251843,Samsung Phone J5 Prime (G570),99,114512,KEEP
near,samsung|j5 prime g570,Samsung Phone J5 Prime (G570),Samsung,1250954,Samsung J5 Prime G570,70,114512,REVIEW_MERGE
near,samsung|j7 prime g610,Samsung Phone J7 Prime (G610),Samsung,1251841,Samsung Phone J7 Prime (G610),102,114512,KEEP
near,samsung|j7 prime g610,Samsung Phone J7 Prime (G610),Samsung,1250959,Samsung J7 Prime G610,74,114512,REVIEW_MERGE
near,samsung|j7 pro j730,Samsung Phone J7 Pro J730,Samsung,1251840,Samsung Phone J7 Pro J730,103,114512,KEEP
near,samsung|j7 pro j730,Samsung Phone J7 Pro J730,Samsung,1250960,Samsung J7 Pro J730,75,114512,REVIEW_MERGE
near,samsung|note10,Samsung Note10,Samsung,1257972,Samsung Note10,79,114512,KEEP
near,samsung|note10,Samsung Note10,Samsung,1258163,Samsung Galaxy Note10,0,114512,REVIEW_MERGE
near,samsung|note10 plus,Samsung Note10 Plus,Samsung,1258029,Samsung Note10 Plus,80,114512,KEEP
near,samsung|note10 plus,Samsung Note10 Plus,Samsung,1258164,Samsung Galaxy Note10 Plus,0,114512,REVIEW_MERGE
near,samsung|note20 ultra,Samsung Note20 Ultra,Samsung,1258106,Samsung Note20 Ultra,81,114512,KEEP
near,samsung|note20 ultra,Samsung Note20 Ultra,Samsung,1258124,Samsung Galaxy Note20 Ultra,40,114512,REVIEW_MERGE
near,samsung|note8,Samsung Phone Note8,Samsung,1251853,Samsung Phone Note8,109,114512,KEEP
near,samsung|note8,Samsung Phone Note8,Samsung,1250855,Samsung Note8,83,114512,REVIEW_MERGE
near,samsung|s10,Samsung Phone S10,Samsung,1257916,Samsung Phone S10,111,114512,KEEP
near,samsung|s10,Samsung Phone S10,Samsung,1258252,Samsung Galaxy s10 ,0,114512,REVIEW_MERGE
near,samsung|s10 plus,Samsung Phone S10 Plus,Samsung,1257917,Samsung Phone S10 Plus,112,114512,KEEP
near,samsung|s10 plus,Samsung Phone S10 Plus,Samsung,1258224,Samsung Galaxy S10 plus,0,114512,REVIEW_MERGE
near,samsung|s20,Samsung Galaxy S20,Samsung,1258047,Samsung Galaxy S20 ,41,114512,KEEP
near,samsung|s20,Samsung Galaxy S20,Samsung,1258287,Samsung S20,0,114512,REVIEW_MERGE
near,samsung|s22 ultra,Samsung Galaxy S22 Ultra,Samsung,1258162,Samsung Galaxy S22 Ultra,0,114512,KEEP
near,samsung|s22 ultra,Samsung Galaxy S22 Ultra,Samsung,1258285,Samsung Galaxy S22 Ultra,0,114512,REVIEW_MERGE
near,samsung|s22 ultra,Samsung Galaxy S22 Ultra,Samsung,1258337,Samsung S22 Ultra,0,114512,REVIEW_MERGE
near,samsung|s7,Samsung Phone S7,Samsung,1251861,Samsung Phone S7,119,114512,KEEP
near,samsung|s7,Samsung Phone S7,Samsung,1258261,Samsung Galaxy S7 ,0,114512,REVIEW_MERGE
junk,junk,__probe_should_409_or_fail__,Samsung,1258443,__probe_should_409_or_fail__,0,114512,DELETE
junk,junk,__deleted__,Samsung,1258465,__deleted__,0,114512,DELETE
