id,stock,old_name,new_name,category,success,message,kind
12999701,6.0,Apple iPhone 12 / 12 Pro Battery,Battery for iPhone 12 / 12 Pro,Mobile phone Batteries,True,Item was updated successfully,
12999400,-1.0,Apple iPhone 12 Mini Battery,Battery for iPhone 12 mini,Mobile phone Batteries,True,Item was updated successfully,
12999702,-4.0,Apple iPhone 12 Pro Battery,Battery for iPhone 12 Pro,Mobile phone Batteries,True,Item was updated successfully,
13000291,0.0,Apple iPhone 13 Mini Battery,Battery for iPhone 13 mini,Mobile phone Batteries,True,Item was updated successfully,
12999890,-1.0,Apple iPhone 13 Pro Battery,Battery for iPhone 13 Pro,Mobile phone Batteries,True,Item was updated successfully,
12999775,-2.0,Apple iPhone 13 Pro Max Battery,Battery for iPhone 13 Pro Max,Mobile phone Batteries,True,Item was updated successfully,
12999475,5.0,Apple iPhone 13 Pro/13 Pro Max Camera Lens,Camera Glass Lens for iPhone 13 Pro/13 Pro Max,Mobile Phone Parts,True,Item was updated successfully,
12999474,3.0,Apple iPhone 13/13 Mini Camera Lens,Camera Glass Lens for iPhone 13/13 mini,Mobile Phone Parts,True,Item was updated successfully,
13000953,-1.0,Apple iPhone 14 Pro Battery,Battery for iPhone 14 Pro,Mobile phone Batteries,True,Item was updated successfully,
13000970,1.0,Apple iPhone 14 Pro Max Battery,Battery for iPhone 14 Pro Max,Mobile phone Batteries,True,Item was updated successfully,
12999856,4.0,Apple iPhone 14 Pro/14 Pro Max Camera Lens,Camera Glass Lens for iPhone 14 Pro/14 Pro Max,Mobile Phone Parts,True,Item was updated successfully,
12999691,5.0,Apple iPhone 14 Pro/14 Pro Max Camera Lens,Camera Glass Lens for iPhone 14 Pro/14 Pro Max,Mobile Phone Parts,True,Item was updated successfully,
12999690,3.0,Apple iPhone 14/14 Plus Camera Lens,Camera Glass Lens for iPhone 14/14 Plus,Mobile Phone Parts,True,Item was updated successfully,
13000962,2.0,Apple iPhone 15 Battery,Battery for iPhone 15,Mobile phone Batteries,True,Item was updated successfully,
13000956,1.0,Apple iPhone 15 Pro Battery,Battery for iPhone 15 Pro,Mobile phone Batteries,True,Item was updated successfully,
13001101,0.0,Apple iPhone 15 Pro Max Battery,Battery for iPhone 15 Pro Max,Mobile phone Batteries,True,Item was updated successfully,
12998637,2.0,Apple iPhone SE 2020 Battery,Battery for iPhone SE 2020,Mobile Phone Parts,True,Item was updated successfully,
13001222,0.0,Asus X452EP X550 X550A X550C X550CA X550CC X550CL 14.4V 2950mAh 4-Cell A41-X550 Battery,Battery for ASUS X452EP X550 X550A X550C X550CA X550CC X550CL 14.4V 2950mAh 4-Cell A41-X550,,True,Item was updated successfully,
13001201,0.0,Asus X452EP X550 X550A X550C X550CA X550CC X550CL 14.4V 2950mAh 4-Cell A41-X550 Battery,Battery for ASUS X452EP X550 X550A X550C X550CA X550CC X550CL 14.4V 2950mAh 4-Cell A41-X550,,True,Item was updated successfully,
12999224,0.0,Battery Samsung Galaxy Tab A 9.7 T550 T555C P555C P550 6000 mAh EB-BT550ABA,Battery for Samsung Galaxy Tab A 9.7 T550 T555C P555C P550,Mobile Phone Parts,True,Item was updated successfully,
12999664,0.0,Google Pixel 1st Gen S1 B2PW4100 Battery,Battery for Google Pixel 1st Gen S1 B2PW4100,Mobile Phone Parts,True,Item was updated successfully,
12999416,0.0,Google Pixel 3 Battery,Battery for Google Pixel 3,Mobile Phone Parts,True,Item was updated successfully,
12999870,-1.0,Google Pixel 5A Lcd Screen,LCD Screen for Google Pixel 5A,OLD-Phone Screens,True,Item was updated successfully,
12827993,0.0,High Capacity Samsung S4 mini Battery 2850mAh,Battery for Samsung S4 mini,Mobile Phone Parts,True,Item was updated successfully,
12999199,0.0,Huawei Mate 10 Battery,Battery for Huawei Mate 10,Mobile Phone Parts,True,Item was updated successfully,
12998215,4.0,Huawei Mate 10 Charging Port,Charging Port for Huawei Mate 10,Mobile Phone Parts,True,Item was updated successfully,
12998497,0.0,Huawei Mate 10 Pro Back Glass,Back Glass for Huawei Mate 10 Pro,Mobile Phone Parts,True,Item was updated successfully,
12997993,-1.0,Huawei Mate 10 Pro Battery,Battery for Huawei Mate 10 Pro,Mobile Phone Parts,True,Item was updated successfully,
12997837,-1.0,Huawei Mate 10 Pro Charging Port,Charging Port for Huawei Mate 10 Pro,Mobile Phone Screens,True,Item was updated successfully,
12999364,2.0,Huawei Mate 10 Pro Screen,Screen for Huawei Mate 10 Pro,OLD-Phone Screens,True,Item was updated successfully,
12998065,0.0,Huawei Mate 10 Screen,Screen for Huawei Mate 10,Mobile Phone Parts,True,Item was updated successfully,
12999057,0.0,Huawei Mate 20 Pro Screen,Screen for Huawei Mate 20 Pro,OLD-Phone Screens,True,Item was updated successfully,
12998226,2.0,Huawei Mate 8 Screen,Screen for Huawei Mate 8,OLD-Phone Screens,True,Item was updated successfully,
12998118,1.0,Huawei Mate 9 Battery,Battery for Huawei Mate 9,Mobile Phone Parts,True,Item was updated successfully,
12997836,5.0,Huawei Mate 9 Charging Port,Charging Port for Huawei Mate 9,Mobile Phone Parts,True,Item was updated successfully,
12997965,1.0,Huawei Nexus 6 plus Battery,Battery for Huawei Nexus 6 Plus,Mobile Phone Parts,True,Item was updated successfully,
12998208,5.0,Huawei Nexus 6 plus Camera Lens,Camera Glass Lens for Huawei Nexus 6 Plus,Mobile Phone Parts,True,Item was updated successfully,
12999362,-2.0,Huawei Nova 2i Battery,Battery for Huawei Nova 2i,Mobile Phone Parts,True,Item was updated successfully,
12998216,5.0,Huawei Nova 2i Charging Port,Charging Port for Huawei Nova 2i,Mobile Phone Parts,True,Item was updated successfully,
12998214,3.0,Huawei Nova 2i Screen,Screen for Huawei Nova 2i,OLD-Phone Screens,True,Item was updated successfully,
12998664,0.0,Huawei Nova 3i Battery,Battery for Huawei Nova 3i,Mobile Phone Parts,True,Item was updated successfully,
12998217,3.0,Huawei Nova 3i Charging Port,Charging Port for Huawei Nova 3i,Mobile Phone Parts,True,Item was updated successfully,
12998218,3.0,Huawei Nova 3i Screen,Screen for Huawei Nova 3i,OLD-Phone Screens,True,Item was updated successfully,
12998542,0.0,Huawei Nova 5T Back Glass,Back Glass for Huawei Nova 5T,Mobile Phone Parts,True,Item was updated successfully,
12998691,3.0,Huawei Nova 5T Charging Port,Charging Port for Huawei Nova 5T,Mobile Phone Parts,True,Item was updated successfully,
12998539,-1.0,Huawei Nova 5T Screen with Frame,Screen for Huawei Nova 5T with Frame,Mobile Phone Parts,True,Item was updated successfully,
12999310,0.0,Huawei P10 Battery,Battery for Huawei P10,Mobile Phone Parts,True,Item was updated successfully,
12998230,3.0,Huawei P10 Lite Screen,Screen for Huawei P10 Lite,OLD-Phone Screens,True,Item was updated successfully,
12998219,4.0,Huawei P20 Lite / Nova 3E Screen,Screen for Huawei P20 Lite / Nova 3E,OLD-Phone Screens,True,Item was updated successfully,
12998576,0.0,Huawei P20 Pro Screen,Screen for Huawei P20 Pro,OLD-Phone Screens,True,Item was updated successfully,
12998229,4.0,Huawei P20 Screen,Screen for Huawei P20,OLD-Phone Screens,True,Item was updated successfully,
12999323,0.0,Huawei P30 OLED Screen,OLED Screen for Huawei P30,OLD-Phone Screens,True,Item was updated successfully,
12999348,1.0,Huawei P30 Pro / Mate 20 Pro Battery,Battery for Huawei P30 Pro / Mate 20 Pro,Mobile Phone Parts,True,Item was updated successfully,
12998228,3.0,Huawei P8 Lite Screen,Screen for Huawei P8 Lite,OLD-Phone Screens,True,Item was updated successfully,
12998227,3.0,Huawei P8 Screen,Screen for Huawei P8,OLD-Phone Screens,True,Item was updated successfully,
12998165,1.0,Huawei P9 Plus Screen,Screen for Huawei P9 Plus,OLD-Phone Screens,True,Item was updated successfully,
12999470,0.0,Huawei Phone Huawei P30 lite/Nova 4E Screen,Screen for Huawei P30 Lite/Nova 4E,OLD-Phone Screens,True,Item was updated successfully,
12999243,0.0,Huawei Phone Mate 20 Screen,Screen for Huawei Mate 20,OLD-Phone Screens,True,Item was updated successfully,
12998986,2.0,Huawei Phone P20 Charging Port,Charging Port for Huawei P20,Mobile Phone Parts,True,Item was updated successfully,
12999371,1.0,Huawei Phone P30 Back Glass,Back Glass for Huawei P30,Mobile Phone Parts,True,Item was updated successfully,
12999305,0.0,Huawei Phone P30 Lite Back Glass,Back Glass for Huawei P30 Lite,OLD-Phone Screens,True,Item was updated successfully,
12999398,1.0,Huawei Phone P30 Pro Back Glass,Back Glass for Huawei P30 Pro,Mobile Phone Parts,True,Item was updated successfully,
12998996,0.0,Huawei Phone P30 Pro Charging Port,Charging Port for Huawei P30 Pro,Mobile Phone Parts,True,Item was updated successfully,
12999397,0.0,Huawei Phone P30 Pro Screen,Screen for Huawei P30 Pro,OLD-Phone Screens,True,Item was updated successfully,
12998810,0.0,Huawei Phone P30 Screen,Screen for Huawei P30,OLD-Phone Screens,True,Item was updated successfully,
12828272,0.0,Huawei Phone P9 / Honor 8 / P9 Lite / P10 / P20 Lite Battery,Battery for Huawei P9 / Honor 8 / P9 Lite / P10 / P20 Lite,Mobile Phone Parts,True,Item was updated successfully,
12997937,1.0,Huawei Y8 / Y7 Prime / Y7 Pro 2019 Screen,Screen for Huawei Y8 / Y7 Prime / Y7 Pro 2019,Mobile Phone Screens,True,Item was updated successfully,
12997954,3.0,Huawei Y9 2019 Screen,Screen for Huawei Y9 2019,Mobile Phone Screens,True,Item was updated successfully,
12998511,2.0,Huawei Y9 Prime 2019 Screen,Screen for Huawei Y9 Prime 2019,Mobile Phone Parts,True,Item was updated successfully,
12828259,2.0,iPad 2 Battery,Battery for iPad 2,Mobile phone Batteries,True,Item was updated successfully,
12828320,0.0,iPad 2 Home Button Plastic Piece Black,Home Button for iPad 2 Black,Mobile Phone Parts,True,Item was updated successfully,
12827572,0.0,iPad 2 Home Button Plastic Piece White,Home Button for iPad 2 White,Mobile Phone Parts,True,Item was updated successfully,
12827873,0.0,iPad 2 Touch Screen Black,Touch Glass for iPad 2 Black,OLD-Phone Screens,True,Item was updated successfully,
12828261,0.0,iPad 2 Touch Screen White,Touch Glass for iPad 2 White,Mobile Phone Parts,True,Item was updated successfully,
12997843,1.0,iPad 2017 (5th Gen) battery,Battery for iPad 2017 (5th Gen),Mobile phone Batteries,True,Item was updated successfully,
12997683,1.0,iPad 2017 (5th Gen) Charging Port,Charging Port for iPad 2017 (5th Gen),Mobile Phone Parts,True,Item was updated successfully,
12997673,0.0,iPad 2017 Home Button Flex black,Home Button for iPad 2017 Black,Mobile Phone Parts,True,Item was updated successfully,
12997674,0.0,iPad 2017 Home Button Flex White,Home Button for iPad 2017 White,Mobile Phone Parts,True,Item was updated successfully,
12997844,-1.0,iPad 2018 (6th Gen) battery,Battery for iPad 2018 (6th Gen),Mobile phone Batteries,True,Item was updated successfully,
12997684,1.0,iPad 2018 (6th Gen) Charging Port,Charging Port for iPad 2018 (6th Gen),Mobile Phone Parts,True,Item was updated successfully,
12997675,1.0,iPad 2018 Home Button Flex black,Home Button for iPad 2018 Black,Mobile Phone Parts,True,Item was updated successfully,
12997676,0.0,iPad 2018 Home Button Flex White,Home Button for iPad 2018 White,Mobile Phone Parts,True,Item was updated successfully,
12828247,1.0,iPad 3 Battery iPad 4 Battery,Battery for 3 iPad 4,Mobile phone Batteries,True,Item was updated successfully,
12828293,0.0,iPad 3 Charging Port,Charging Port for iPad 3,Mobile Phone Parts,True,Item was updated successfully,
12827872,0.0,iPad 3 Touch Screen / iPad 4 Touch Screen Black,Touch Glass for 3 Touch Screen / iPad 4 Black,OLD-Phone Screens,True,Item was updated successfully,
12827871,0.0,iPad 3 Touch Screen / iPad 4 Touch Screen White,Touch Glass for 3 Touch Screen / iPad 4 White,OLD-Phone Screens,True,Item was updated successfully,
12827950,1.0,iPad 4 Charging Port,Charging Port for iPad 4,Mobile Phone Parts,True,Item was updated successfully,
13000387,0.0,iPad 7th gen lcd screen,LCD Screen for iPad 7th gen,iPad Parts,True,Item was updated successfully,
12828251,3.0,iPad Air 1 Battery,Battery for iPad Air 1,Mobile phone Batteries,True,Item was updated successfully,
12997681,1.0,iPad Air 1 Charging Port,Charging Port for iPad Air 1,Mobile Phone Parts,True,Item was updated successfully,
12997842,0.0,iPad Air 2 Battery,Battery for iPad Air 2,Mobile phone Batteries,True,Item was updated successfully,
12997682,1.0,iPad Air 2 Charging Port,Charging Port for iPad Air 2,Mobile Phone Parts,True,Item was updated successfully,
12997671,0.0,iPad Air 2 Home Button Flex black,Home Button for iPad Air 2 Black,Mobile Phone Parts,True,Item was updated successfully,
12997672,1.0,iPad Air 2 Home Button Flex White,Home Button for iPad Air 2 White,Mobile Phone Parts,True,Item was updated successfully,
13000287,1.0,IPAD AIR 4 BATTERY REPLACMENT,Battery for iPad Air 4,,True,Item was updated successfully,
13000174,1.0,iPad Air 4th (2020) A2316 LCD Screen,LCD Screen for iPad Air 4th (2020) A2316,iPad Parts,True,Item was updated successfully,
12997670,0.0,iPad Air Home Button Flex black,Home Button for iPad Air Black,Mobile Phone Parts,True,Item was updated successfully,
12827553,0.0,iPad Air Home Button Flex White,Home Button for iPad Air White,Mobile Phone Parts,True,Item was updated successfully,
12827953,-1.0,iPad Air Touch Screen Black,Touch Glass for iPad Air Black,OLD-Phone Screens,True,Item was updated successfully,
12828264,1.0,iPad Air Touch Screen White,Touch Glass for iPad Air White,OLD-Phone Screens,True,Item was updated successfully,
12828278,2.0,iPad mini 1 Battery,Battery for iPad mini 1,Mobile phone Batteries,True,Item was updated successfully,
12828258,0.0,iPad mini 2 Battery / iPad mini 3 Battery,Battery for mini 2 / iPad mini 3,Mobile phone Batteries,True,Item was updated successfully,
12827582,1.0,iPad mini 2 Charging Port / iPad mini 3 Charging Port,Charging Port for mini 2 Charging Port / iPad mini 3,,True,Item was updated successfully,
12997668,1.0,iPad Mini 3 Home Button Flex Black,Home Button for iPad mini 3 Black,Mobile Phone Parts,True,Item was updated successfully,
12997666,0.0,iPad Mini 3 Home Button Flex White,Home Button for iPad mini 3 White,Mobile Phone Parts,True,Item was updated successfully,
12828232,3.0,iPad mini 3 Touch Screen with Home Button IC Black,Touch Glass for iPad mini 3 Black,Mobile Phone Parts,True,Item was updated successfully,
12828245,4.0,iPad mini 3 Touch Screen with Home Button IC White,Touch Glass for iPad mini 3 White,Mobile Phone Parts,True,Item was updated successfully,
12997841,1.0,iPad mini 4 Battery,Battery for iPad mini 4,Mobile phone Batteries,True,Item was updated successfully,
12997680,1.0,iPad Mini 4 Charging Port,Charging Port for iPad mini 4,Mobile Phone Parts,True,Item was updated successfully,
12997669,1.0,iPad Mini 4 Home Button Flex Black,Home Button for iPad mini 4 Black,Mobile Phone Parts,True,Item was updated successfully,
12997667,0.0,iPad Mini 4 Home Button Flex White,Home Button for iPad mini 4 White,Mobile Phone Parts,True,Item was updated successfully,
12827612,0.0,iPad mini Home Button Plastic Piece Black,Home Button for iPad mini Black,Mobile Phone Parts,True,Item was updated successfully,
12827665,0.0,iPad mini Home Button Plastic Piece White,Home Button for iPad mini White,Mobile Phone Parts,True,Item was updated successfully,
12828263,0.0,iPad mini Touch Screen with Home Button IC Black,Touch Glass for iPad mini Black,Mobile Phone Parts,True,Item was updated successfully,
12828262,0.0,iPad mini Touch Screen with Home Button IC White,Touch Glass for iPad mini White,Mobile Phone Parts,True,Item was updated successfully,
12997846,2.0,iPad Pro 10.5 battery,Battery for iPad Pro 10.5,Mobile phone Batteries,True,Item was updated successfully,
12997686,1.0,iPad Pro 10.5 Charging Port,Charging Port for iPad Pro 10.5,Mobile Phone Parts,True,Item was updated successfully,
12997845,-1.0,iPad Pro 9.7 battery,Battery for iPad Pro 9.7,Mobile phone Batteries,True,Item was updated successfully,
12997685,1.0,iPad Pro 9.7 Charging Port,Charging Port for iPad Pro 9.7,Mobile Phone Parts,True,Item was updated successfully,
12997677,1.0,iPad Pro 9.7 Home Button Flex black,Home Button for iPad Pro 9.7 Black,Mobile Phone Parts,True,Item was updated successfully,
12997678,0.0,iPad Pro 9.7 Home Button Flex White,Home Button for iPad Pro 9.7 White,Mobile Phone Parts,True,Item was updated successfully,
12998988,2.0,iPhone 11 Battery,Battery for iPhone 11,Mobile phone Batteries,True,Item was updated successfully,
12998566,-3.0,iPhone 11 Camera Lens,Camera Glass Lens for iPhone 11,Mobile Phone Parts,True,Item was updated successfully,
12998943,2.0,iPhone 11 Charging Port,Charging Port for iPhone 11,Mobile Phone Parts,True,Item was updated successfully,
12998952,-2.0,iPhone 11 Earspeaker,Ear Speaker for iPhone 11,Mobile Phone Parts,True,Item was updated successfully,
13001033,0.0,iPhone 11 Loudspeaker,Loud Speaker for iPhone 11,Mobile Phone Parts,True,Item was updated successfully,
12998989,4.0,iPhone 11 Pro Battery,Battery for iPhone 11 Pro,Mobile phone Batteries,True,Item was updated successfully,
12998737,8.0,iPhone 11 Pro Camera Lens,Camera Glass Lens for iPhone 11 Pro,Mobile Phone Parts,True,Item was updated successfully,
12998942,-1.0,iPhone 11 Pro Charging Port,Charging Port for iPhone 11 Pro,Mobile Phone Parts,True,Item was updated successfully,
12998951,1.0,iPhone 11 Pro Earspeaker,Ear Speaker for iPhone 11 Pro,Mobile Phone Parts,True,Item was updated successfully,
12998728,4.0,iPhone 11 Pro Max Battery,Battery for iPhone 11 Pro Max,Mobile phone Batteries,True,Item was updated successfully,
12998552,7.0,iPhone 11 Pro Max Camera Lens,Camera Glass Lens for iPhone 11 Pro Max,Mobile Phone Parts,True,Item was updated successfully,
12998941,5.0,iPhone 11 Pro Max Charging Port,Charging Port for iPhone 11 Pro Max,Mobile Phone Parts,True,Item was updated successfully,
12998950,-1.0,iPhone 11 Pro Max Earspeaker,Ear Speaker for iPhone 11 Pro Max,Mobile Phone Parts,True,Item was updated successfully,
12998955,8.0,iPhone 12 Camera Lens,Camera Glass Lens for iPhone 12,Mobile Phone Parts,True,Item was updated successfully,
12999883,-1.0,Iphone 12 Earspeaker,Ear Speaker for iPhone 12,Mobile Phone Parts,True,Item was updated successfully,
12998956,7.0,iPhone 12 Mini Camera Lens,Camera Glass Lens for iPhone 12 mini,Mobile Phone Parts,True,Item was updated successfully,
12999399,1.0,iPhone 12 Mini Charging Port,Charging Port for iPhone 12 mini,Mobile Phone Parts,True,Item was updated successfully,
12998954,5.0,iPhone 12 Pro Camera Lens,Camera Glass Lens for iPhone 12 Pro,Mobile Phone Parts,True,Item was updated successfully,
12998953,5.0,iPhone 12 Pro Max Camera Lens,Camera Glass Lens for iPhone 12 Pro Max,Mobile Phone Parts,True,Item was updated successfully,
12999864,11.0,iPhone 13 Back Glass,Back Glass for iPhone 13,Mobile Phone Parts,True,Item was updated successfully,
13000290,0.0,IPHONE 13 BATTERY,Battery for iPhone 13,,True,Item was updated successfully,
12999865,8.0,Iphone 13 pro Back Glass,Back Glass for iPhone 13 Pro,Mobile Phone Parts,True,Item was updated successfully,
12999863,9.0,Iphone 14  Back Glass,Back Glass for iPhone 14,Mobile Phone Parts,True,Item was updated successfully,
13000178,0.0,iPhone 14 black back glass with parts,Back Glass for iPhone 14 black,Mobile Phone Parts,True,Item was updated successfully,
12999857,2.0,iphone 14 Camera Lens,Camera Glass Lens for iPhone 14,,True,Item was updated successfully,
13001147,-1.0,iPhone 14 Plus Aftermarket Battery,Aftermarket Battery for iPhone 14 Plus Aftermarket,Mobile phone Batteries,True,Item was updated successfully,
13001197,0.0,iPhone 14 Plus Aftermarket Battery,Aftermarket Battery for iPhone 14 Plus Aftermarket,,True,Item was updated successfully,
13001182,0.0,iPhone 14 Plus Aftermarket Battery,Aftermarket Battery for iPhone 14 Plus Aftermarket,,True,Item was updated successfully,
13001177,0.0,iPhone 14 Plus Aftermarket Battery,Aftermarket Battery for iPhone 14 Plus Aftermarket,,True,Item was updated successfully,
13001174,0.0,iPhone 14 Plus Aftermarket Battery,Aftermarket Battery for iPhone 14 Plus Aftermarket,,True,Item was updated successfully,
13001218,0.0,iPhone 14 Plus Aftermarket Battery,Aftermarket Battery for iPhone 14 Plus Aftermarket,,True,Item was updated successfully,
12999862,8.0,Iphone 14 pro  Back Glass,Back Glass for iPhone 14 Pro,Mobile Phone Parts,True,Item was updated successfully,
12999861,7.0,Iphone 14 pro max Back Glass,Back Glass for iPhone 14 Pro Max,Mobile Phone Parts,True,Item was updated successfully,
13000414,0.0,IPhone 15 plus back glass with parts,Back Glass for iPhone 15 Plus,,True,Item was updated successfully,
13000519,0.0,IPhone 15 pro back glass,Back Glass for iPhone 15 Pro,Mobile Phone Parts,True,Item was updated successfully,
13001207,0.0,iPhone 15 Pro Max Battery,Battery for iPhone 15 Pro Max,,True,Item was updated successfully,
13001191,0.0,iPhone 15 Pro Max Battery,Battery for iPhone 15 Pro Max,,True,Item was updated successfully,
12827578,0.0,iPhone 3GS Battery,Battery for iPhone 3GS,Mobile phone Batteries,True,Item was updated successfully,
12827664,0.0,iPhone 3GS Home Button Flex,Home Button for iPhone 3GS,Mobile Phone Parts,True,Item was updated successfully,
12827731,0.0,iPhone 3GS Plastic Home Button Black,Home Button for iPhone 3GS Plastic Black,Accessories,True,Item was updated successfully,
12827730,0.0,iPhone 3GS Plastic Home Button White,Home Button for iPhone 3GS Plastic White,Accessories,True,Item was updated successfully,
12828375,1.0,iPhone 4 Battery,Battery for iPhone 4,Mobile phone Batteries,True,Item was updated successfully,
12828390,4.0,iPhone 4 Home Button Flex,Home Button for iPhone 4,Mobile Phone Parts,True,Item was updated successfully,
12827522,53.0,iPhone 4 Home Button Plastic Piece Black,Home Button for iPhone 4 Black,Mobile Phone Parts,True,Item was updated successfully,
12828394,20.0,iPhone 4 Home Button Plastic Piece White,Home Button for iPhone 4 White,Mobile Phone Parts,True,Item was updated successfully,
12828363,15.0,iPhone 4 Loud Speaker,Loud Speaker for iPhone 4,Mobile Phone Parts,True,Item was updated successfully,
12827655,-1.0,iPhone 4S Battery,Battery for iPhone 4S,Mobile phone Batteries,True,Item was updated successfully,
12828096,67.0,iPhone 4S Home Button Flex,Home Button for iPhone 4S,Mobile Phone Parts,True,Item was updated successfully,
12827680,50.0,iPhone 4S Home Button Plastic Piece Black,Home Button for iPhone 4S Black,Mobile Phone Parts,True,Item was updated successfully,
12827710,19.0,iPhone 4S Home Button Plastic Piece White,Home Button for iPhone 4S White,Mobile Phone Parts,True,Item was updated successfully,
12827998,2.0,iPhone 5 Battery,Battery for iPhone 5,Mobile phone Batteries,True,Item was updated successfully,
12828392,6.0,iPhone 5 Home Button Flex,Home Button for iPhone 5,Mobile Phone Parts,True,Item was updated successfully,
12827688,1.0,iPhone 5 Home Button Plastic Piece Black,Home Button for iPhone 5 Black,Mobile Phone Parts,True,Item was updated successfully,
12827709,2.0,iPhone 5 Home Button Plastic Piece White,Home Button for iPhone 5 White,Mobile Phone Parts,True,Item was updated successfully,
12828352,23.0,iPhone 5 Loud Speaker,Loud Speaker for iPhone 5,Mobile Phone Parts,True,Item was updated successfully,
12827926,-1.0,iPhone 5S Battery,Battery for iPhone 5S,Mobile phone Batteries,True,Item was updated successfully,
12827558,0.0,iPhone 5S Home Button Fingerprint Sensor Flex with Plastic Home Button Black,Home Button for iPhone 5S Home Button Fingerprint Sensor Flex with Plastic Black,Mobile Phone Parts,True,Item was updated successfully,
12827556,-2.0,iPhone 5S Home Button Fingerprint Sensor Flex with Plastic Home Button White,Home Button for iPhone 5S Home Button Fingerprint Sensor Flex with Plastic White,Mobile Phone Parts,True,Item was updated successfully,
12828383,3.0,iPhone 5S Loud Speaker,Loud Speaker for iPhone 5S,Mobile Phone Parts,True,Item was updated successfully,
12827913,3.0,iPhone 6 Battery,Battery for iPhone 6,Mobile phone Batteries,True,Item was updated successfully,
12827933,4.0,iPhone 6 Camera Lens,Camera Glass Lens for iPhone 6,Mobile Phone Parts,True,Item was updated successfully,
12828353,7.0,iPhone 6 Home Button Flex,Home Button for iPhone 6,Mobile Phone Parts,True,Item was updated successfully,
12827656,5.0,iPhone 6 Loud Speaker,Loud Speaker for iPhone 6,Mobile Phone Parts,True,Item was updated successfully,
12827911,4.0,iPhone 6 Plus Battery,Battery for iPhone 6 Plus,Mobile phone Batteries,True,Item was updated successfully,
12827598,7.0,iPhone 6 Plus Camera Lens,Camera Glass Lens for iPhone 6 Plus,Mobile Phone Parts,True,Item was updated successfully,
12828370,3.0,iPhone 6 Plus Loud Speaker,Loud Speaker for iPhone 6 Plus,Mobile Phone Parts,True,Item was updated successfully,
12828286,-1.0,iPhone 6S Battery,Battery for iPhone 6S,Mobile phone Batteries,True,Item was updated successfully,
12997412,6.0,iPhone 6s camera lens,Camera Glass Lens for iPhone 6S,Mobile Phone Parts,True,Item was updated successfully,
12827924,20.0,iPhone 6S Home Button Flex,Home Button for iPhone 6S,Mobile Phone Parts,True,Item was updated successfully,
12827627,3.0,iPhone 6S Loud Speaker,Loud Speaker for iPhone 6S,Mobile Phone Parts,True,Item was updated successfully,
12827896,9.0,iPhone 6S Plus Battery,Battery for iPhone 6S Plus,Mobile phone Batteries,True,Item was updated successfully,
12997367,9.0,iPhone 6S Plus camera lens,Camera Glass Lens for iPhone 6S Plus,Mobile Phone Parts,True,Item was updated successfully,
12828382,1.0,iPhone 6S Plus Loud Speaker,Loud Speaker for iPhone 6S Plus,Mobile Phone Parts,True,Item was updated successfully,
12828249,2.0,iPhone 7 Battery,Battery for iPhone 7,Mobile phone Batteries,True,Item was updated successfully,
12827631,-1.0,iPhone 7 Camera Lens,Camera Glass Lens for iPhone 7,Mobile Phone Parts,True,Item was updated successfully,
12998236,16.0,iPhone 7 Home Button,Home Button for iPhone 7,Mobile Phone Parts,True,Item was updated successfully,
12997544,2.0,iPhone 7 Loud Speaker,Loud Speaker for iPhone 7,Mobile Phone Parts,True,Item was updated successfully,
12828270,3.0,iPhone 7 Plus Battery,Battery for iPhone 7 Plus,Mobile phone Batteries,True,Item was updated successfully,
12827619,5.0,iPhone 7 Plus Camera Lens,Camera Glass Lens for iPhone 7 Plus,Mobile Phone Parts,True,Item was updated successfully,
12998237,18.0,iPhone 7 Plus Home Button,Home Button for iPhone 7 Plus,Mobile Phone Parts,True,Item was updated successfully,
12827923,1.0,iPhone 7 Plus Loud Speaker,Loud Speaker for iPhone 7 Plus,Mobile Phone Parts,True,Item was updated successfully,
12827531,-2.0,iPhone 8 Back Glass,Back Glass for iPhone 8,Mobile Phone Parts,True,Item was updated successfully,
12997578,0.0,iPhone 8 Battery,Battery for iPhone 8,Mobile phone Batteries,True,Item was updated successfully,
12998238,4.0,iPhone 8 Home Button,Home Button for iPhone 8,Mobile Phone Parts,True,Item was updated successfully,
12997718,1.0,iPhone 8 Loud Speaker,Loud Speaker for iPhone 8,Mobile Phone Parts,True,Item was updated successfully,
12998940,0.0,iPhone 8 Loud Speaker,Loud Speaker for iPhone 8,Mobile Phone Parts,True,Item was updated successfully,
12997577,3.0,iPhone 8 Plus Battery,Battery for iPhone 8 Plus,Mobile phone Batteries,True,Item was updated successfully,
12998239,12.0,iPhone 8 Plus Home Button,Home Button for iPhone 8 Plus,Mobile Phone Parts,True,Item was updated successfully,
12997696,1.0,iPhone 8 Plus Loud Speaker,Loud Speaker for iPhone 8 Plus,Mobile Phone Parts,True,Item was updated successfully,
12998939,1.0,iPhone 8 Plus Loud Speaker,Loud Speaker for iPhone 8 Plus,Mobile Phone Parts,True,Item was updated successfully,
12999877,-2.0,Iphone SE 2020 Chargerport,Charging Port for iPhone SE 2020,Mobile Phone Parts,True,Item was updated successfully,
12828291,-2.0,iPhone SE Battery,Battery for iPhone SE,Mobile phone Batteries,True,Item was updated successfully,
12997697,0.0,iPhone SE Loud Speaker,Loud Speaker for iPhone SE,Mobile Phone Parts,True,Item was updated successfully,
12827530,-1.0,iPhone X Back Glass,Back Glass for iPhone X,Mobile Phone Parts,True,Item was updated successfully,
12997435,-1.0,iPhone X Battery,Battery for iPhone X,Mobile phone Batteries,True,Item was updated successfully,
12998923,2.0,iPhone X Loudspeaker,Loud Speaker for iPhone X,Laptop Parts,True,Item was updated successfully,
12997455,2.0,iPhone X Loudspeaker,Loud Speaker for iPhone X,Laptop Parts,True,Item was updated successfully,
12997498,1.0,iPhone XR Rear Camera Lens,Camera Glass Lens for iPhone XR Rear,Mobile Phone Parts,True,Item was updated successfully,
12997497,-4.0,iPhone Xs / Xs Max Rear Camera Lens,Camera Glass Lens for iPhone Xs / Xs Max Rear,Mobile Phone Parts,True,Item was updated successfully,
12998987,-1.0,iPhone XS Battery,Battery for iPhone XS,Mobile phone Batteries,True,Item was updated successfully,
12997698,1.0,iPhone XS Loud Speaker,Loud Speaker for iPhone XS,Mobile Phone Parts,True,Item was updated successfully,
12997699,1.0,iPhone XS MAX Loud Speaker,Loud Speaker for iPhone XS Max,Mobile Phone Parts,True,Item was updated successfully,
12999796,0.0,Lenovo Ideapad Flex 5  15ALC05 LCD BAck Cover,Back Cover for Lenovo Ideapad Flex 5 15ALC05 LCD,Laptop Screen,True,Item was updated successfully,
12998598,0.0,LG G6 Camera Lens,Camera Glass Lens for LG G6,Mobile Phone Parts,True,Item was updated successfully,
12998410,0.0,LG G6 Screen,Screen for LG G6,OLD-Phone Screens,True,Item was updated successfully,
12999312,-1.0,Motorola Moto G8 Charging Port,Charging Port for Motorola Moto G8,Mobile Phone Parts,True,Item was updated successfully,
12999587,0.0,Nokia 3 Screen,Screen for Nokia 3,Mobile Phone Parts,True,Item was updated successfully,
12998027,0.0,Nokia 6 Charging Port,Charging Port for Nokia 6,-Discontinued,True,Item was updated successfully,
12998730,0.0,Nokia 7 Plus Charging Port,Charging Port for Nokia 7 Plus,Mobile Phone Parts,True,Item was updated successfully,
12998869,0.0,Nokia 8.1 Screen,Screen for Nokia 8.1,Mobile Phone Parts,True,Item was updated successfully,
12998902,0.0,Oneplus 5 Battery,Battery for OnePlus 5,Mobile Phone Parts,True,Item was updated successfully,
12998901,0.0,Oneplus 5 Screen,Screen for OnePlus 5,Mobile Phone Parts,True,Item was updated successfully,
13000038,0.0,OnePlus 6 LCD Screen,LCD Screen for OnePlus 6,Mobile Phone Parts,True,Item was updated successfully,
12999797,0.0,Oppo A53 LCd Screen,LCD Screen for OPPO A53,OLD-Phone Screens,True,Item was updated successfully,
13000684,1.0,OPPO A54S Screen,Screen for OPPO A54S,Mobile Phone Parts,True,Item was updated successfully,
12999885,1.0,Oppo A77 5G  Screen with Frame,Screen for OPPO A77 5G with Frame,Mobile Phone Parts,True,Item was updated successfully,
12999897,1.0,Oppo Find X3 lite  Charging Port,Charging Port for OPPO Find X3 Lite,Mobile Phone Parts,True,Item was updated successfully,
12999748,-1.0,Oppo Find X3 Lite screen,Screen for OPPO Find X3 Lite,Mobile Phone Parts,True,Item was updated successfully,
13000146,0.0,Oppo Find X5 Pro 5G LCD Screen,LCD Screen for OPPO Find X5 Pro 5G,OLD-Phone Screens,True,Item was updated successfully,
12999379,0.0,Oppo Phone A5/A9 2020 Battery,Battery for OPPO A5/A9 2020,Mobile Phone Parts,True,Item was updated successfully,
12999565,0.0,Oppo Phone A52 Screen,Screen for OPPO A52,Mobile Phone Parts,True,Item was updated successfully,
12999562,0.0,Oppo Phone A54 5G Charging Port,Charging Port for OPPO A54 5G,Mobile Phone Parts,True,Item was updated successfully,
12999040,0.0,Oppo Phone A7/AX7 Screen,Screen for OPPO A7/AX7,Mobile Phone Parts,True,Item was updated successfully,
12999473,0.0,Oppo Phone A9 2019 Screen,Screen for OPPO A9 2019,Mobile Phone Parts,True,Item was updated successfully,
12998820,0.0,Oppo Phone A9 2020 / A11X SCreen,Screen for OPPO A9 2020 / A11X,OLD-Phone Screens,True,Item was updated successfully,
12998914,0.0,Oppo Phone A91 Screen,Screen for OPPO A91,OLD-Phone Screens,True,Item was updated successfully,
12999730,0.0,Oppo Phone A94 5G Screen,Screen for OPPO A94 5G,Mobile Phone Parts,True,Item was updated successfully,
12999308,1.0,Oppo Phone R11s Screen,Screen for OPPO R11s,Mobile Phone Parts,True,Item was updated successfully,
12998331,0.0,Oppo R15 Pro Screen,Screen for OPPO R15 Pro,OLD-Phone Screens,True,Item was updated successfully,
13000016,1.0,Samsung A04 Charging Port,Charging Port for Samsung Galaxy A04,Mobile Phone Parts,True,Item was updated successfully,
13000351,1.0,Samsung A34 charging port,Charging Port for Samsung Galaxy A34,Mobile Phone Parts,True,Item was updated successfully,
13000108,2.0,Samsung A73 Charging Port,Charging Port for Samsung Galaxy A73,Mobile Phone Parts,True,Item was updated successfully,
12999013,2.0,Samsung Galaxy A02s Charging Port,Charging Port for Samsung Galaxy A02s,Mobile Phone Parts,True,Item was updated successfully,
12999410,1.0,Samsung Galaxy A03/A12 Nacho Charging Port,Charging Port for Samsung Galaxy A03/A12 Nacho,Mobile Phone Parts,True,Item was updated successfully,
12999409,2.0,Samsung Galaxy A03s Charging Port,Charging Port for Samsung Galaxy A03s,Mobile Phone Parts,True,Item was updated successfully,
12999541,0.0,Samsung Galaxy A10 Back Battery Cover,Back Cover for Samsung Galaxy A10,Mobile Phone Parts,True,Item was updated successfully,
12998584,1.0,Samsung Galaxy A10 Battery,Battery for Samsung Galaxy A10,Mobile Phone Parts,True,Item was updated successfully,
12998546,5.0,Samsung Galaxy A10 Charging Port,Charging Port for Samsung Galaxy A10,Mobile Phone Parts,True,Item was updated successfully,
12998770,2.0,Samsung Galaxy A10 Earspeaker,Ear Speaker for Samsung Galaxy A10,Mobile Phone Parts,True,Item was updated successfully,
12999512,-1.0,Samsung Galaxy A11 Battery,Battery for Samsung Galaxy A11,Mobile Phone Parts,True,Item was updated successfully,
12999355,2.0,Samsung Galaxy A11 Charging Port,Charging Port for Samsung Galaxy A11,Mobile Phone Parts,True,Item was updated successfully,
12999895,1.0,Samsung Galaxy A11 Earspeaker,Ear Speaker for Samsung Galaxy A11,Mobile Phone Parts,True,Item was updated successfully,
12999357,2.0,Samsung Galaxy A12 Charging Port,Charging Port for Samsung Galaxy A12,Mobile Phone Parts,True,Item was updated successfully,
12999588,1.0,Samsung Galaxy A12 EarSpeaker,Ear Speaker for Samsung Galaxy A12,Mobile Phone Parts,True,Item was updated successfully,
12999936,1.0,Samsung Galaxy A12 Loudspeaker,Loud Speaker for Samsung Galaxy A12,Mobile Phone Parts,True,Item was updated successfully,
12999999,0.0,Samsung Galaxy A13 chargerport,Charging Port for Samsung Galaxy A13,Mobile Phone Parts,True,Item was updated successfully,
12998443,1.0,Samsung Galaxy A20 Battery,Battery for Samsung Galaxy A20,Mobile Phone Parts,True,Item was updated successfully,
12998767,2.0,Samsung Galaxy A20 Charging Port,Charging Port for Samsung Galaxy A20,Mobile Phone Parts,True,Item was updated successfully,
12998771,1.0,Samsung Galaxy A20 Earspeaker,Ear Speaker for Samsung Galaxy A20,Mobile Phone Parts,True,Item was updated successfully,
12999356,2.0,Samsung Galaxy A21 Charging Port,Charging Port for Samsung Galaxy A21,Mobile Phone Parts,True,Item was updated successfully,
12999049,1.0,Samsung Galaxy A21S Battery,Battery for Samsung Galaxy A21S,Mobile Phone Parts,True,Item was updated successfully,
12998769,2.0,Samsung Galaxy A21S Charging Port,Charging Port for Samsung Galaxy A21S,Mobile Phone Parts,True,Item was updated successfully,
12999710,0.0,Samsung Galaxy A21s ear speaker,Ear Speaker for Samsung Galaxy A21s,Mobile Phone Parts,True,Item was updated successfully,
12998775,1.0,Samsung Galaxy A21S Earspeaker,Ear Speaker for Samsung Galaxy A21S,Mobile Phone Parts,True,Item was updated successfully,
12999682,1.0,Samsung Galaxy A22 5G Battery,Battery for Samsung Galaxy A22 5G,Mobile Phone Parts,True,Item was updated successfully,
12999407,2.0,Samsung Galaxy A22 5G Charging Port,Charging Port for Samsung Galaxy A22 5G,Mobile Phone Parts,True,Item was updated successfully,
12999685,1.0,Samsung Galaxy A23 Camera Lens,Camera Glass Lens for Samsung Galaxy A23,Mobile Phone Parts,True,Item was updated successfully,
12999689,0.0,Samsung Galaxy A23 Charging Port,Charging Port for Samsung Galaxy A23,Mobile Phone Parts,True,Item was updated successfully,
12998641,0.0,Samsung Galaxy A3 2017 A320 Battery,Battery for Samsung Galaxy A3 2017 A320,Mobile Phone Parts,True,Item was updated successfully,
12998995,2.0,Samsung Galaxy A30 Battery,Battery for Samsung Galaxy A30,Mobile Phone Parts,True,Item was updated successfully,
12998772,2.0,Samsung Galaxy A30 Earspeaker,Ear Speaker for Samsung Galaxy A30,Mobile Phone Parts,True,Item was updated successfully,
12998768,5.0,Samsung Galaxy A30Charging Port,Charging Port for Samsung Galaxy A30,Mobile Phone Parts,True,Item was updated successfully,
12999347,0.0,Samsung Galaxy A31 Back Cover,Back Cover for Samsung Galaxy A31,Mobile Phone Parts,True,Item was updated successfully,
12999386,1.0,Samsung Galaxy A31 Battery,Battery for Samsung Galaxy A31,Mobile Phone Parts,True,Item was updated successfully,
12999353,-1.0,Samsung Galaxy A31 Charging Port,Charging Port for Samsung Galaxy A31,Mobile Phone Parts,True,Item was updated successfully,
12999360,1.0,Samsung Galaxy A32 4G Back Cover,Back Cover for Samsung Galaxy A32 4G,Mobile Phone Parts,True,Item was updated successfully,
12999408,1.0,Samsung Galaxy A32 5G Charging Port,Charging Port for Samsung Galaxy A32 5G,Mobile Phone Parts,True,Item was updated successfully,
12999680,1.0,Samsung Galaxy A33 5G Charging Port,Charging Port for Samsung Galaxy A33 5G,Mobile Phone Parts,True,Item was updated successfully,
12999686,1.0,Samsung Galaxy A33 Camera Lens,Camera Glass Lens for Samsung Galaxy A33,Mobile Phone Parts,True,Item was updated successfully,
12999047,1.0,Samsung Galaxy A50 Battery,Battery for Samsung Galaxy A50,Mobile Phone Parts,True,Item was updated successfully,
12998733,1.0,Samsung Galaxy A50 Charging Port,Charging Port for Samsung Galaxy A50,Mobile Phone Parts,True,Item was updated successfully,
12998773,2.0,Samsung Galaxy A50 Earspeaker,Ear Speaker for Samsung Galaxy A50,Mobile Phone Parts,True,Item was updated successfully,
12999481,1.0,Samsung Galaxy A51 Battery,Battery for Samsung Galaxy A51,Mobile Phone Parts,True,Item was updated successfully,
12999354,0.0,Samsung Galaxy A51 Charging Port,Charging Port for Samsung Galaxy A51,Mobile Phone Parts,True,Item was updated successfully,
12999104,3.0,Samsung Galaxy A51 Middle Frame with Power Button,Middle Frame for Samsung Galaxy A51,Mobile Phone Parts,True,Item was updated successfully,
12999840,2.0,Samsung Galaxy A52 5g Chargerport,Charging Port for Samsung Galaxy A52 5g,Mobile Phone Parts,True,Item was updated successfully,
12999687,1.0,Samsung Galaxy A53 Camera Lens,Camera Glass Lens for Samsung Galaxy A53,Mobile Phone Parts,True,Item was updated successfully,
12999048,2.0,Samsung Galaxy A70 Battery,Battery for Samsung Galaxy A70,Mobile Phone Parts,True,Item was updated successfully,
12998086,4.0,Samsung Galaxy A70 Charging Port,Charging Port for Samsung Galaxy A70,Mobile Phone Parts,True,Item was updated successfully,
12998774,0.0,Samsung Galaxy A70 Earspeaker,Ear Speaker for Samsung Galaxy A70,Mobile Phone Parts,True,Item was updated successfully,
12999521,-1.0,Samsung Galaxy A71 Charging Port,Charging Port for Samsung Galaxy A71,Mobile Phone Parts,True,Item was updated successfully,
12999688,1.0,Samsung Galaxy A73 Camera Lens,Camera Glass Lens for Samsung Galaxy A73,Mobile Phone Parts,True,Item was updated successfully,
12998537,0.0,Samsung Galaxy A8 Plus Battery,Battery for Samsung Galaxy A8 Plus,Mobile Phone Parts,True,Item was updated successfully,
12999678,0.0,Samsung Galaxy A90 5G Charging Port,Charging Port for Samsung Galaxy A90 5G,Mobile Phone Parts,True,Item was updated successfully,
12999646,0.0,Samsung Galaxy M51 Charging Port,Charging Port for Samsung Galaxy M51,Mobile Phone Parts,True,Item was updated successfully,
12828313,0.0,Samsung Galaxy Nexus i9250 Charging Port,Charging Port for Samsung Galaxy Nexus i9250,Mobile Phone Parts,True,Item was updated successfully,
12828135,0.0,Samsung Galaxy Note 1 Battery,Battery for Samsung Galaxy Note 1,Mobile Phone Parts,True,Item was updated successfully,
12998765,1.0,Samsung Galaxy Note 10 Charging Port,Charging Port for Samsung Galaxy Note 10,Mobile Phone Parts,True,Item was updated successfully,
12998766,0.0,Samsung Galaxy Note 10 Plus Charging Port,Charging Port for Samsung Galaxy Note 10 Plus,Mobile Phone Parts,True,Item was updated successfully,
12828371,0.0,Samsung Galaxy Note 2 Battery,Battery for Samsung Galaxy Note 2,Mobile Phone Parts,True,Item was updated successfully,
12828377,0.0,Samsung Galaxy Note 2 N7100 Middle Frame,Middle Frame for Samsung Galaxy Note 2 N7100,Mobile Phone Parts,True,Item was updated successfully,
12827583,0.0,Samsung Galaxy Note 2 N7100 USB Charging Port,Charging Port for Samsung Galaxy Note 2 N7100 USB,Mobile Phone Parts,True,Item was updated successfully,
12828374,0.0,Samsung Galaxy Note 2 N7105 Middle Frame,Middle Frame for Samsung Galaxy Note 2 N7105,Mobile Phone Parts,True,Item was updated successfully,
12827585,0.0,Samsung Galaxy Note 2 N7105 USB Charging Port,Charging Port for Samsung Galaxy Note 2 N7105 USB,Mobile Phone Parts,True,Item was updated successfully,
12828369,0.0,Samsung Galaxy Note 3 Battery,Battery for Samsung Galaxy Note 3,Mobile Phone Parts,True,Item was updated successfully,
12828321,0.0,Samsung Galaxy Note 3 N900 USB Charging Port,Charging Port for Samsung Galaxy Note 3 N900 USB,Mobile Phone Parts,True,Item was updated successfully,
12828357,1.0,Samsung Galaxy Note 4 Battery,Battery for Samsung Galaxy Note 4,Mobile Phone Parts,True,Item was updated successfully,
12997999,-1.0,Samsung Galaxy Note 5 Battery,Battery for Samsung Galaxy Note 5,Mobile Phone Parts,True,Item was updated successfully,
12999696,1.0,Samsung Galaxy Note 5 Charging Port,Charging Port for Samsung Galaxy Note 5,Mobile Phone Parts,True,Item was updated successfully,
12998089,2.0,Samsung Galaxy Note 8 Camera Lens,Camera Glass Lens for Samsung Galaxy Note 8,Mobile Phone Parts,True,Item was updated successfully,
12998590,1.0,Samsung Galaxy Note 8 Ear Speaker,Ear Speaker for Samsung Galaxy Note 8,Mobile Phone Parts,True,Item was updated successfully,
12998088,2.0,Samsung Galaxy Note 9 Camera Lens,Camera Glass Lens for Samsung Galaxy Note 9,Mobile Phone Parts,True,Item was updated successfully,
12998993,2.0,Samsung Galaxy Note8 Battery,Battery for Samsung Galaxy Note8,Mobile Phone Parts,True,Item was updated successfully,
12998994,0.0,Samsung Galaxy Note9 Battery,Battery for Samsung Galaxy Note9,Mobile Phone Parts,True,Item was updated successfully,
12998991,0.0,Samsung Galaxy S10 Battery,Battery for Samsung Galaxy S10,Mobile Phone Parts,True,Item was updated successfully,
12999578,1.0,Samsung Galaxy S10 Camera Lens,Camera Glass Lens for Samsung Galaxy S10,Mobile Phone Parts,True,Item was updated successfully,
12998992,1.0,Samsung Galaxy S10 Plus Battery,Battery for Samsung Galaxy S10 Plus,Mobile Phone Parts,True,Item was updated successfully,
12999579,1.0,Samsung Galaxy S10 Plus Camera Lens,Camera Glass Lens for Samsung Galaxy S10 Plus,Mobile Phone Parts,True,Item was updated successfully,
12999559,0.0,Samsung Galaxy S10E Battery,Battery for Samsung Galaxy S10E,Mobile Phone Parts,True,Item was updated successfully,
12828311,0.0,Samsung Galaxy S2 i9100 Charging Port,Charging Port for Samsung Galaxy S2 i9100,Mobile Phone Parts,True,Item was updated successfully,
12828351,0.0,Samsung Galaxy S2 i9100 Loud Speaker,Loud Speaker for Samsung Galaxy S2 i9100,Mobile Phone Parts,True,Item was updated successfully,
12828309,0.0,Samsung Galaxy S2 i9100G Charging Port,Charging Port for Samsung Galaxy S2 i9100G,Mobile Phone Parts,True,Item was updated successfully,
12828310,0.0,Samsung Galaxy S2 i9105 Charging Port,Charging Port for Samsung Galaxy S2 i9105,Mobile Phone Parts,True,Item was updated successfully,
12999647,1.0,Samsung Galaxy S20 Camera Lens,Camera Glass Lens for Samsung Galaxy S20,Mobile Phone Parts,True,Item was updated successfully,
12998763,2.0,Samsung Galaxy S20 Charging Port,Charging Port for Samsung Galaxy S20,Mobile Phone Parts,True,Item was updated successfully,
12998643,1.0,Samsung Galaxy S20 FE Camera Lens,Camera Glass Lens for Samsung Galaxy S20 FE,Mobile Phone Parts,True,Item was updated successfully,
12998969,1.0,Samsung Galaxy S20 Plus Battery,Battery for Samsung Galaxy S20 Plus,Mobile Phone Parts,True,Item was updated successfully,
12999642,1.0,Samsung Galaxy S20 Plus Camera Lens,Camera Glass Lens for Samsung Galaxy S20 Plus,Mobile Phone Parts,True,Item was updated successfully,
12998736,1.0,Samsung Galaxy S20 Plus Charging Port,Charging Port for Samsung Galaxy S20 Plus,Mobile Phone Parts,True,Item was updated successfully,
12999648,1.0,Samsung Galaxy S20 Ultra Camera Lens,Camera Glass Lens for Samsung Galaxy S20 Ultra,Mobile Phone Parts,True,Item was updated successfully,
12998764,1.0,Samsung Galaxy S20 Ultra Charging Port,Charging Port for Samsung Galaxy S20 Ultra,Mobile Phone Parts,True,Item was updated successfully,
12998822,1.0,Samsung Galaxy S20FE Charging Port,Charging Port for Samsung Galaxy S20 FE,Mobile Phone Parts,True,Item was updated successfully,
12999418,0.0,Samsung Galaxy S21 Charging Port,Charging Port for Samsung Galaxy S21,Mobile Phone Parts,True,Item was updated successfully,
12999619,2.0,Samsung Galaxy S21 FE Camera Lens,Camera Glass Lens for Samsung Galaxy S21 FE,Mobile Phone Parts,True,Item was updated successfully,
12999544,2.0,Samsung Galaxy S22 Camera Lens,Camera Glass Lens for Samsung Galaxy S22,Mobile Phone Parts,True,Item was updated successfully,
12999545,2.0,Samsung Galaxy S22 Plus Camera Lens,Camera Glass Lens for Samsung Galaxy S22 Plus,Mobile Phone Parts,True,Item was updated successfully,
12999546,1.0,Samsung Galaxy S22 Ultra Camera Lens,Camera Glass Lens for Samsung Galaxy S22 Ultra,Mobile Phone Parts,True,Item was updated successfully,
12827593,0.0,Samsung Galaxy S3 Back Cover,Back Cover for Samsung Galaxy S3,Mobile Phone Parts,True,Item was updated successfully,
12828312,6.0,Samsung Galaxy S3 Battery,Battery for Samsung Galaxy S3,Mobile Phone Parts,True,Item was updated successfully,
12828337,2.0,Samsung Galaxy S4 Battery,Battery for Samsung Galaxy S4,Mobile Phone Parts,True,Item was updated successfully,
12828356,0.0,Samsung Galaxy S4 i9500 Charging Port,Charging Port for Samsung Galaxy S4 i9500,Mobile Phone Parts,True,Item was updated successfully,
12828355,0.0,Samsung Galaxy S4 i9505 Charging Port,Charging Port for Samsung Galaxy S4 i9505,Mobile Phone Parts,True,Item was updated successfully,
12828295,12.0,Samsung Galaxy S5 Battery,Battery for Samsung Galaxy S5,Mobile Phone Parts,True,Item was updated successfully,
12827591,0.0,Samsung Galaxy S5 Camera Lens,Camera Glass Lens for Samsung Galaxy S5,Mobile Phone Parts,True,Item was updated successfully,
12828280,6.0,Samsung Galaxy S6 Battery,Battery for Samsung Galaxy S6,Mobile Phone Parts,True,Item was updated successfully,
12827636,2.0,Samsung Galaxy S6 Camera Lens,Camera Glass Lens for Samsung Galaxy S6,Mobile Phone Parts,True,Item was updated successfully,
12998135,0.0,Samsung Galaxy S6 Charging Port,Charging Port for Samsung Galaxy S6,Mobile Phone Parts,True,Item was updated successfully,
12828292,0.0,Samsung Galaxy S6 Edge Battery,Battery for Samsung Galaxy S6 Edge,Mobile Phone Parts,True,Item was updated successfully,
12827638,3.0,Samsung Galaxy S6 Edge Camera Lens,Camera Glass Lens for Samsung Galaxy S6 Edge,Mobile Phone Parts,True,Item was updated successfully,
12998675,-1.0,Samsung Galaxy S6 Edge Plus Battery,Battery for Samsung Galaxy S6 Edge Plus,Mobile Phone Parts,True,Item was updated successfully,
12998121,2.0,Samsung Galaxy S6 Edge Plus Camera Lens,Camera Glass Lens for Samsung Galaxy S6 Edge Plus,Mobile Phone Parts,True,Item was updated successfully,
12827887,1.0,Samsung Galaxy S7 Battery,Battery for Samsung Galaxy S7,Mobile Phone Parts,True,Item was updated successfully,
12827576,3.0,Samsung Galaxy S7 Camera Lens,Camera Glass Lens for Samsung Galaxy S7,Mobile Phone Parts,True,Item was updated successfully,
12828283,2.0,Samsung Galaxy S7 Charging Port,Charging Port for Samsung Galaxy S7,Mobile Phone Parts,True,Item was updated successfully,
12828347,12.0,Samsung Galaxy S7 Edge Back Cover,Back Cover for Samsung Galaxy S7 Edge,Mobile Phone Parts,True,Item was updated successfully,
12827932,1.0,Samsung Galaxy S7 Edge Battery,Battery for Samsung Galaxy S7 Edge,Mobile Phone Parts,True,Item was updated successfully,
12827626,2.0,Samsung Galaxy S7 Edge Lens,Camera Glass Lens for Samsung Galaxy S7 Edge,Mobile Phone Parts,True,Item was updated successfully,
12827904,6.0,Samsung Galaxy S8 Back Cover,Back Cover for Samsung Galaxy S8,Mobile Phone Parts,True,Item was updated successfully,
12998159,0.0,Samsung Galaxy S8 Battery,Battery for Samsung Galaxy S8,Mobile Phone Parts,True,Item was updated successfully,
12998568,1.0,Samsung Galaxy S8 Ear Speaker,Ear Speaker for Samsung Galaxy S8,Mobile Phone Parts,True,Item was updated successfully,
12998160,3.0,Samsung Galaxy S8 Plus Battery,Battery for Samsung Galaxy S8 Plus,Mobile Phone Parts,True,Item was updated successfully,
12998776,2.0,Samsung Galaxy S8 Plus Earspeaker,Ear Speaker for Samsung Galaxy S8 Plus,Mobile Phone Parts,True,Item was updated successfully,
12998110,-1.0,Samsung Galaxy S9 Battery,Battery for Samsung Galaxy S9,Mobile Phone Parts,True,Item was updated successfully,
12998132,2.0,Samsung Galaxy S9 Charging Port,Charging Port for Samsung Galaxy S9,Mobile Phone Parts,True,Item was updated successfully,
12998682,1.0,Samsung Galaxy S9 Earspeaker,Ear Speaker for Samsung Galaxy S9,Mobile Phone Parts,True,Item was updated successfully,
12998166,1.0,Samsung Galaxy S9 Finger Print Button,Fingerprint Button for Samsung Galaxy S9,Mobile Phone Parts,True,Item was updated successfully,
12998161,5.0,Samsung Galaxy S9 Plus Battery,Battery for Samsung Galaxy S9 Plus,Mobile Phone Parts,True,Item was updated successfully,
12998131,0.0,Samsung Galaxy S9 Plus Charging Port,Charging Port for Samsung Galaxy S9 Plus,Mobile Phone Parts,True,Item was updated successfully,
12998777,2.0,Samsung Galaxy S9 Plus Earspeaker,Ear Speaker for Samsung Galaxy S9 Plus,Mobile Phone Parts,True,Item was updated successfully,
12999373,0.0,SAMSUNG GALAXY TAB 10.5'' (SM-T800) BATTERY,Battery for Samsung Galaxy Tab 10.5'' (SM-T800),Mobile Phone Parts,True,Item was updated successfully,
12999532,0.0,Samsung Galaxy Tab A 10.1 (2016) SM-T580 SM-T585 Battery,Battery for Samsung Galaxy Tab A 10.1 (2016) SM-T580 SM-T585,Mobile Phone Parts,True,Item was updated successfully,
12999476,0.0,Samsung Galaxy Tab S2 9.7 (SM-T813) Battery,Battery for Samsung Galaxy Tab S2 9.7 (SM-T813),Mobile Phone Parts,True,Item was updated successfully,
13000685,0.0,"Samsung Galaxy Tab S6 Lite SM-P610, SM-P615 Battery","Battery for Samsung Galaxy Tab S6 Lite SM-P610, SM-P615",Mobile Phone Parts,True,Item was updated successfully,
13000000,0.0,Samsung J2 pro Battery,Battery for Samsung J2 Pro,Mobile Phone Parts,True,Item was updated successfully,
12998536,0.0,Samsung J3 Battery,Battery for Samsung J3,Mobile Phone Parts,True,Item was updated successfully,
13000241,0.0,Samsung Note 10 battery,Battery for Samsung Galaxy Note 10,,True,Item was updated successfully,
13000286,2.0,Samsung Note 20 battery,Battery for Samsung Galaxy Note 20,,True,Item was updated successfully,
12998603,1.0,Samsung Phone A70 Ear Speaker,Ear Speaker for Samsung Galaxy A70,Mobile Phone Parts,True,Item was updated successfully,
12998611,0.0,Samsung Phone S10e Camera Lens,Camera Glass Lens for Samsung Galaxy S10e,Mobile Phone Parts,True,Item was updated successfully,
12998120,5.0,Samsung Phone S8 Plus Camera Lens,Camera Glass Lens for Samsung Galaxy S8 Plus,Mobile Phone Parts,True,Item was updated successfully,
12998234,5.0,Samsung Phone S8/S8 Plus Home Button (FingerPrint),Home Button for Samsung Galaxy S8/S8 Plus,Mobile Phone Parts,True,Item was updated successfully,
12998235,5.0,Samsung Phone S9/S9 Plus Home Button (FingerPrint),Home Button for Samsung Galaxy S9/S9 Plus,Mobile Phone Parts,True,Item was updated successfully,
13000240,0.0,Samsung S20 FE battery,Battery for Samsung Galaxy S20 FE,Mobile Phone Parts,True,Item was updated successfully,
13000177,0.0,Samsung S21 Plus Charging Port,Charging Port for Samsung Galaxy S21 Plus,Mobile Phone Parts,True,Item was updated successfully,
12998134,2.0,Samsung S7 Edge Charging Port,Charging Port for Samsung Galaxy S7 Edge,Mobile Phone Parts,True,Item was updated successfully,
12998046,1.0,Samsung S8 Charging Port,Charging Port for Samsung Galaxy S8,Mobile Phone Parts,True,Item was updated successfully,
12998133,3.0,Samsung S8 Plus Charging Port,Charging Port for Samsung Galaxy S8 Plus,Mobile Phone Parts,True,Item was updated successfully,
12998078,3.0,Samsung S9 Camera Lens,Camera Glass Lens for Samsung Galaxy S9,Mobile Phone Parts,True,Item was updated successfully,
12999908,1.0,Samsung Tab SM T800 CHARGING PORT,Charging Port for Samsung Galaxy Tab SM T800,Mobile Phone Parts,True,Item was updated successfully,
12998827,0.0,Samsung Tablet SM-T350/355 Battery,Battery for Samsung Galaxy Tablet SM-T350/355,Mobile Phone Parts,True,Item was updated successfully,
12999924,0.0,Vivo S16 LCD Screen,LCD Screen for Vivo S16,OLD-Phone Screens,True,Item was updated successfully,
12998021,0.0,Xiaomi Pocophone F1 Screen,Screen for Xiaomi Pocophone F1,Mobile Phone Screens,True,Item was updated successfully,
12999786,0.0,Xiaomi Redmi 11 5G LCD Screen with frame,LCD Screen for Xiaomi Redmi 11 5G with Frame,OLD-Phone Screens,True,Item was updated successfully,
12999341,-1.0,Xiaomi Redmi 9T LCD Screen,LCD Screen for Xiaomi Redmi 9T,OLD-Phone Screens,True,Item was updated successfully,
12998092,0.0,Xiaomi Redmi Note 5 Screen,Screen for Xiaomi Redmi Note 5,Mobile Phone Screens,True,Item was updated successfully,
12998474,0.0,Xiaomi Redmi Note 7 Screen,Screen for Xiaomi Redmi Note 7,OLD-Phone Screens,True,Item was updated successfully,
12827895,-1.0,Genuine Apple 60W MagSafe Adapter for MacBook-T,OEM Power Adapter for MacBook MagSafe 60W,Laptop Parts,True,Item was updated successfully,accessory
12828240,0.0,Genuine Apple MacBook Battery 13' A1185- 55Wh 10.8v,OEM Battery — MacBook Battery 13' A1185- 55Wh 10.8v,Laptop Parts,True,Item was updated successfully,accessory
12997387,-1.0,OEM Apple 45W Magsafe Power Adapter for Macbook Air.Tip L A1374,OEM Power Adapter for MacBook Air MagSafe 45W,Laptop Parts,True,Item was updated successfully,accessory
13000408,5.0,"OEM Aftermarket 87W USB-C Type C Power Adapter Charger for 16"" 2019 Apple MacBook Pro with 2M Type-C Cable",Aftermarket Power Adapter for MacBook Pro USB-C 87W,Laptop power adapters,True,Item was updated successfully,accessory
12828059,5.0,Samsung Genuine Headset Earphone with Microphone Black or White,OEM Headset Earphone with Microphone Black or White,Electronic Products,True,Item was updated successfully,accessory
12828095,2.0,High Audio Quality OEM Earpod Earphone for iPhone iPod iPad,OEM Earphones for iPhone / iPod / iPad,Electronic Products,True,Item was updated successfully,accessory
12828305,5.0,High Audio Quality OEM Earpod Earphone for iPhone iPod iPad with Lightning Connector,OEM Earphones for iPhone / iPad Lightning,Electronic Products,True,Item was updated successfully,accessory
12828089,-1.0,Quality OEM Earpod Earphone,OEM Earphones for iPhone / iPod / iPad,Electronic Products,True,Item was updated successfully,accessory
12998580,15.0,Quality OEM Earpod Earphone,OEM Earphones for iPhone / iPod / iPad,Electronic Products,True,Item was updated successfully,accessory
13000748,-1.0,Genuine Leather Band Strap for Apple Watch Black,Leather Band for Apple Watch Black,,True,Item was updated successfully,accessory
