id,old_name,new_name,success,message
13000954,Apple iPhone 15 Plus TFT Screen,RHD Screen for iPhone 15 Plus,True,Item was updated successfully
13000934,Apple iPhone 15 TFT Screen,RHD Screen for iPhone 15,True,Item was updated successfully
13000210,IPhone  13 pro aftermarket tft screen,RHD Screen for iPhone 13 Pro,True,Item was updated successfully
12998269,IPhone 11 Aftermarket LCD Screen TFT,RHD Screen for iPhone 11,True,Item was updated successfully
12998337,IPhone 11 Pro Aftermarket LCD Screen TFT,RHD Screen for iPhone 11 Pro,True,Item was updated successfully
12998353,iPhone 11 Pro Max Aftermarket LCD Screen TFT,RHD Screen for iPhone 11 Pro Max,True,Item was updated successfully
12998917,iPhone 12 / 12 Pro Aftermarket TFT LCD Screen,RHD Screen for iPhone 12 / 12 Pro,True,Item was updated successfully
12998915,iPhone 12 Pro Max Aftermarket LCD Screen TFT,RHD Screen for iPhone 12 Pro Max,True,Item was updated successfully
12999633,iPhone 13 TFT Aftermarket LCD Screen,RHD Screen for iPhone 13,True,Item was updated successfully
13001224,iPhone 16 Pro Aftermarket TFT Screen,RHD Screen for iPhone 16 Pro,True,Item was updated successfully
13001203,iPhone 16 Pro Aftermarket TFT Screen,RHD Screen for iPhone 16 Pro,True,Item was updated successfully
13001187,iPhone 16 Pro Aftermarket TFT Screen,RHD Screen for iPhone 16 Pro,True,Item was updated successfully
13001108,iPhone 16 Pro Aftermarket TFT Screen,RHD Screen for iPhone 16 Pro,True,Item was updated successfully
13000359,iPhone SE 2020 2022 Aftermarket TFT LCD Screen,RHD Screen for iPhone SE 2020 2022,True,Item was updated successfully
12828119,iPhone X Aftermarket LCD Screen TFT,RHD Screen for iPhone X,True,Item was updated successfully
12997980,iPhone XR LCD Screen TFT,RHD Screen for iPhone XR,True,Item was updated successfully
12998246,iPhone XR TFT Screen (Don't Use This),RHD Screen for iPhone XR,True,Item was updated successfully
12998247,iPhone XS LCD Screen- TFT,RHD Screen for iPhone XS,True,Item was updated successfully
12998248,iPhone XS Max Aftermarket LCD Screen TFT,RHD Screen for iPhone XS Max,True,Item was updated successfully
12999106,Samsung Galaxy A32 5G TFT Screen,RHD Screen for Samsung Galaxy A32 5G,True,Item was updated successfully
12999807,Apple ipad 9th Gen Touch Glass Screen Black,Touch Glass for iPad 9th Gen Black,True,Item was updated successfully
12999808,Apple ipad Mini 4 Lcd Screen,LCD Screen for iPad mini 4,True,Item was updated successfully
12998800,Apple iPhone 11 Pro Screen,Screen for iPhone 11 Pro,True,Item was updated successfully
13000531,Apple iPhone 12 Pro OEM Screen,Screen for iPhone 12 Pro,True,Item was updated successfully
12999859,Apple iphone 13 OEM Screen,Screen for iPhone 13,True,Item was updated successfully
13001115,Apple iPhone 13 OLED Screen,OLED Screen for iPhone 13,True,Item was updated successfully
12999781,Apple iphone 13 Pro Max OEM Screen,Screen for iPhone 13 Pro Max,True,Item was updated successfully
13001022,Apple iPhone 13 Pro Max OLED Screen,OLED Screen for iPhone 13 Pro Max,True,Item was updated successfully
13001063,Apple iPhone 16 Pro Aftermarket OLED Screen,OLED Screen for iPhone 16 Pro,True,Item was updated successfully
13001103,Apple iPhone 16e Aftermarket OLED Screen,OLED Screen for iPhone 16e,True,Item was updated successfully
13001107,Apple iPhone 17 Pro Aftermarket OLED Screen,OLED Screen for iPhone 17 Pro,True,Item was updated successfully
12828242,Apple iPhone 5S Screen SE Screen Black [ORG],Screen for iPhone 5S SE Black,True,Item was updated successfully
12828241,Apple iPhone 5S Screen SE Screen White [ORG],Screen for iPhone 5S SE White,True,Item was updated successfully
12828209,Apple iPhone 6 Plus Screen Black [ORG],Screen for iPhone 6 Plus Black,True,Item was updated successfully
12827836,Apple iPhone 6 Plus Screen White [ORG],Screen for iPhone 6 Plus White,True,Item was updated successfully
12828222,Apple iPhone 6 Screen Black [ORG],Screen for iPhone 6 Black,True,Item was updated successfully
12828221,Apple iPhone 6 Screen White [ORG],Screen for iPhone 6 White,True,Item was updated successfully
12828163,Apple iPhone 6S Plus Screen Black [ORG],Screen for iPhone 6S Plus Black,True,Item was updated successfully
12828162,Apple iPhone 6S Plus Screen White [ORG],Screen for iPhone 6S Plus White,True,Item was updated successfully
12827820,Apple iPhone 6S Screen Black [ORG],Screen for iPhone 6S Black,True,Item was updated successfully
12828127,Apple iPhone 6S Screen White [ORG],Screen for iPhone 6S White,True,Item was updated successfully
12828164,Apple iPhone 7 Plus Screen Black [ORG],Screen for iPhone 7 Plus Black,True,Item was updated successfully
12828165,Apple iPhone 7 Plus Screen White [ORG],Screen for iPhone 7 Plus White,True,Item was updated successfully
12827790,Apple iPhone 7 Screen Black [ORG],Screen for iPhone 7 Black,True,Item was updated successfully
12827791,Apple iPhone 7 Screen White [ORG],Screen for iPhone 7 White,True,Item was updated successfully
12827535,Apple iPhone 8 Screen Black [ORG],Screen for iPhone 8 Black,True,Item was updated successfully
12828112,Apple iPhone X Screen [ORG],Screen for iPhone X,True,Item was updated successfully
12999300,Apple MacBook Pro 13 inch Year 2020 A2251 Screen Assembly,Screen Assembly for MacBook Pro 13 inch Year 2020 A2251,True,Item was updated successfully
12999108,Apple MacBook Pro 13-inch A1706/A1708 Screen Assembly Silver,Screen Assembly for MacBook Pro 13-inch A1706/A1708 Silver,True,Item was updated successfully
12998379,iPhone 11 Orginal LCD Screen,LCD Screen for iPhone 11 Orginal,True,Item was updated successfully
12999684,iPhone 11 Pro Max OEM Screen,Screen for iPhone 11 Pro Max,True,Item was updated successfully
12999103,iPhone 11 Pro Max Org. Cracked Screen for Sell,Screen for iPhone 11 Pro Max Org. Cracked for Sell,True,Item was updated successfully
12999658,iPhone 11 Pro OLED Screen,OLED Screen for iPhone 11 Pro,True,Item was updated successfully
12998802,iPhone 11 Pro Org. Cracked Screen for Sell,Screen for iPhone 11 Pro Org. Cracked for Sell,True,Item was updated successfully
12998918,iPhone 12 Mini LCD Screen,LCD Screen for iPhone 12 mini,True,Item was updated successfully
12999537,iPhone 12 Org. Cracked Screen for Sell,Screen for iPhone 12 Org. Cracked for Sell,True,Item was updated successfully
12998916,"iPhone 12 Pro Screen (Don't use this, use iPhone 12 SKU)",Screen for iPhone 12 Pro,True,Item was updated successfully
13001186,iPhone 13 OLED Screen,OLED Screen for iPhone 13,True,Item was updated successfully
13001202,iPhone 13 OLED Screen,OLED Screen for iPhone 13,True,Item was updated successfully
13001223,iPhone 13 OLED Screen,OLED Screen for iPhone 13,True,Item was updated successfully
12999860,iPhone 13 Pro Max LCD Screen,LCD Screen for iPhone 13 Pro Max,True,Item was updated successfully
12999753,iPhone 13 Pro Orginal LCD Screen,LCD Screen for iPhone 13 Pro Orginal,True,Item was updated successfully
13001216,iPhone 16 Pro Aftermarket OLED Screen,OLED Screen for iPhone 16 Pro,True,Item was updated successfully
13001226,iPhone 16e Aftermarket OLED Screen,OLED Screen for iPhone 16e,True,Item was updated successfully
13001205,iPhone 16e Aftermarket OLED Screen,OLED Screen for iPhone 16e,True,Item was updated successfully
13001188,iPhone 17 Pro Aftermarket OLED Screen,OLED Screen for iPhone 17 Pro,True,Item was updated successfully
13001225,iPhone 17 Pro Aftermarket OLED Screen,OLED Screen for iPhone 17 Pro,True,Item was updated successfully
13001204,iPhone 17 Pro Aftermarket OLED Screen,OLED Screen for iPhone 17 Pro,True,Item was updated successfully
12828342,iPhone 3G Screen Black,Screen for iPhone 3G Black,True,Item was updated successfully
12828340,iPhone 3G Screen White,Screen for iPhone 3G White,True,Item was updated successfully
12827554,iPhone 3GS Mid Chassis Bezel (Touch Screen Frame),Screen for iPhone 3GS Mid Chassis Bezel (Touch Frame),True,Item was updated successfully
12828298,iPhone 3GS Screen Black,Screen for iPhone 3GS Black,True,Item was updated successfully
12828296,iPhone 3GS Screen White,Screen for iPhone 3GS White,True,Item was updated successfully
12827910,iPhone 4 Screen Black,Screen for iPhone 4 Black,True,Item was updated successfully
12827912,iPhone 4 Screen White,Screen for iPhone 4 White,True,Item was updated successfully
12827909,iPhone 4S Screen Black,Screen for iPhone 4S Black,True,Item was updated successfully
12827907,iPhone 4S Screen White,Screen for iPhone 4S White,True,Item was updated successfully
12827898,iPhone 5 Screen Black,Screen for iPhone 5 Black,True,Item was updated successfully
12827900,iPhone 5 Screen White,Screen for iPhone 5 White,True,Item was updated successfully
12827901,iPhone 5C Screen Black,Screen for iPhone 5C Black,True,Item was updated successfully
12827897,iPhone 5S Screen Black,Screen for iPhone 5S Black,True,Item was updated successfully
12827899,iPhone 5S Screen White,Screen for iPhone 5S White,True,Item was updated successfully
12827888,iPhone 6 LCD Screen Black,LCD Screen for iPhone 6 Black,True,Item was updated successfully
12827886,iPhone 6 LCD Screen White,LCD Screen for iPhone 6 White,True,Item was updated successfully
12827882,iPhone 6 Plus LCD Screen White,LCD Screen for iPhone 6 Plus White,True,Item was updated successfully
12827883,iPhone 6 Plus Screen Black,Screen for iPhone 6 Plus Black,True,Item was updated successfully
12827848,iPhone 6S Plus Screen Black,Screen for iPhone 6S Plus Black,True,Item was updated successfully
12827847,iPhone 6S Plus Screen White,Screen for iPhone 6S Plus White,True,Item was updated successfully
12827869,iPhone 6S Screen Black,Screen for iPhone 6S Black,True,Item was updated successfully
12827870,iPhone 6S Screen White,Screen for iPhone 6S White,True,Item was updated successfully
12827841,iPhone 7 LCD Screen Black,LCD Screen for iPhone 7 Black,True,Item was updated successfully
12827840,iPhone 7 LCD Screen White,LCD Screen for iPhone 7 White,True,Item was updated successfully
12827830,iPhone 7 Plus Black LCD Screen,LCD Screen for iPhone 7 Plus Black,True,Item was updated successfully
12827831,iPhone 7 Plus White LCD Screen,LCD Screen for iPhone 7 Plus White,True,Item was updated successfully
12827832,iPhone 8 LCD Screen Black,LCD Screen for iPhone 8 Black,True,Item was updated successfully
12827534,iPhone 8 LCD Screen White,LCD Screen for iPhone 8 White,True,Item was updated successfully
12827828,iPhone 8 Plus Black LCD Screen,LCD Screen for iPhone 8 Plus Black,True,Item was updated successfully
12827537,iPhone 8 Plus LCD Screen Black,LCD Screen for iPhone 8 Plus Black,True,Item was updated successfully
12827536,iPhone 8 Plus LCD Screen White,LCD Screen for iPhone 8 Plus White,True,Item was updated successfully
12827827,iPhone 8 Plus White LCD Screen,LCD Screen for iPhone 8 Plus White,True,Item was updated successfully
12828252,iPhone Screen Easy Removal Opening Tool,Screen for iPhone Easy Removal Opening Tool,False,SKIPPED_NON_SCREEN
12998569,iPhone X Org. Cracked Screen for Sell,Screen for iPhone X Org. Cracked for Sell,False,SKIPPED_NON_SCREEN
12828116,iPhone X Screen OLED,OLED Screen for iPhone X,True,Item was updated successfully
12998615,iPhone XR Screen,Screen for iPhone XR,True,Item was updated successfully
12998005,iPhone XR Screen OLED,OLED Screen for iPhone XR,True,Item was updated successfully
12997659,iPhone XS LCD Screen Orginal,LCD Screen for iPhone XS Orginal,True,Item was updated successfully
12997658,iPhone XS Max LCD Screen Orginal,LCD Screen for iPhone XS Max Orginal,True,Item was updated successfully
12999102,iPhone XS Max Org. Cracked Screen for Sell,Screen for iPhone XS Max Org. Cracked for Sell,False,SKIPPED_NON_SCREEN
12998007,iPhone XS Max Screen OLED,OLED Screen for iPhone XS Max,True,Item was updated successfully
12999101,iPhone XS Org. Cracked Screen for Sell,Screen for iPhone XS Org. Cracked for Sell,False,SKIPPED_NON_SCREEN
12998006,iPhone XS Screen OLED,OLED Screen for iPhone XS,True,Item was updated successfully
13000227,Samsung A05 screen,Screen for Samsung A05,True,Item was updated successfully
12997838,Samsung A10 Screen,Screen for Samsung A10,True,Item was updated successfully
12998221,Samsung A10s Screen,Screen for Samsung A10s,True,Item was updated successfully
12999046,Samsung A12 LCD Screen,LCD Screen for Samsung A12,True,Item was updated successfully
12997956,Samsung A20 Screen Replacement,Screen for Samsung A20,True,Item was updated successfully
12998416,Samsung A21S Screen,Screen for Samsung A21S,True,Item was updated successfully
12998222,Samsung A30 Screen,Screen for Samsung A30,True,Item was updated successfully
12998708,Samsung A31 LCD Screen,LCD Screen for Samsung A31,True,Item was updated successfully
13000459,Samsung A34 OEM screen with frame,Screen for Samsung A34 with Frame,True,Item was updated successfully
13000411,Samsung A34 OLED screen with frame,OLED Screen for Samsung A34 with Frame,True,Item was updated successfully
13000031,Samsung A50 LCD Screen,LCD Screen for Samsung A50,True,Item was updated successfully
12998223,Samsung A50 Screen,Screen for Samsung A50,True,Item was updated successfully
12998961,Samsung A52 LCD Screen,LCD Screen for Samsung A52,True,Item was updated successfully
13000462,Samsung A52 OEM screen with frame,Screen for Samsung A52 with Frame,True,Item was updated successfully
12998224,Samsung A70 Screen,Screen for Samsung A70,True,Item was updated successfully
12998962,Samsung Galaxy A01 Screen,Screen for Samsung Galaxy A01,True,Item was updated successfully
12998963,Samsung Galaxy A02 Screen,Screen for Samsung Galaxy A02,True,Item was updated successfully
12999065,Samsung Galaxy A02S Screen,Screen for Samsung Galaxy A02S,True,Item was updated successfully
12999335,Samsung Galaxy A02s/A03/A03s LCD Screen,LCD Screen for Samsung Galaxy A02s/A03/A03s,True,Item was updated successfully
12999316,Samsung Galaxy A03/ A12 Nacho screen,Screen for Samsung Galaxy A03/ A12 Nacho,True,Item was updated successfully
12999699,Samsung Galaxy A04 Screen,Screen for Samsung Galaxy A04,True,Item was updated successfully
12998650,Samsung Galaxy A10 Screen with Frame,Screen for Samsung Galaxy A10 with Frame,True,Item was updated successfully
12998259,Samsung Galaxy A11 Screen,Screen for Samsung Galaxy A11,True,Item was updated successfully
12999935,Samsung Galaxy A13 Screen,Screen for Samsung Galaxy A13,True,Item was updated successfully
12999792,Samsung Galaxy A14 5G Screen,Screen for Samsung Galaxy A14 5G,True,Item was updated successfully
12999107,Samsung Galaxy A20 OLED Screen,OLED Screen for Samsung Galaxy A20,True,Item was updated successfully
12999821,Samsung Galaxy A21s  Screen,Screen for Samsung Galaxy A21s,True,Item was updated successfully
12998959,Samsung Galaxy A22 (5G) Screen,Screen for Samsung Galaxy A22 (5G),True,Item was updated successfully
12999472,Samsung Galaxy A22 4G Screen,Screen for Samsung Galaxy A22 4G,True,Item was updated successfully
12999667,Samsung Galaxy A23 Screen,Screen for Samsung Galaxy A23,True,Item was updated successfully
12999006,Samsung Galaxy A3 (2017) Screen,Screen for Samsung Galaxy A3 (2017),True,Item was updated successfully
12998968,Samsung Galaxy A30 OLED Screen,OLED Screen for Samsung Galaxy A30,True,Item was updated successfully
12998966,Samsung Galaxy A31 OLED Screen,OLED Screen for Samsung Galaxy A31,True,Item was updated successfully
12998964,Samsung Galaxy A32 4G Screen,Screen for Samsung Galaxy A32 4G,True,Item was updated successfully
12999382,Samsung Galaxy A32 5G Screen ,Screen for Samsung Galaxy A32 5G,True,Item was updated successfully
12998709,Samsung Galaxy A51 OLED Screen,OLED Screen for Samsung Galaxy A51,True,Item was updated successfully
12999706,Samsung Galaxy A52s Screen,Screen for Samsung Galaxy A52s,True,Item was updated successfully
12999586,Samsung Galaxy A53 5G Screen,Screen for Samsung Galaxy A53 5G,True,Item was updated successfully
12999694,Samsung Galaxy A7 (2017) Screen,Screen for Samsung Galaxy A7 (2017),True,Item was updated successfully
12999105,Samsung Galaxy A70 OLED Screen,OLED Screen for Samsung Galaxy A70,True,Item was updated successfully
12999479,Samsung Galaxy A71 4G OEM Screen,Screen for Samsung Galaxy A71 4G,True,Item was updated successfully
12999697,Samsung Galaxy A71 4G OLED Screen,OLED Screen for Samsung Galaxy A71 4G,True,Item was updated successfully
12998965,Samsung Galaxy A71 OLED Screen,OLED Screen for Samsung Galaxy A71,True,Item was updated successfully
12998960,Samsung Galaxy A72 Screen,Screen for Samsung Galaxy A72,True,Item was updated successfully
12827846,Samsung Galaxy J5 Prime Screen Assembly no Frame Black,Screen Assembly for Samsung Galaxy J5 Prime no Frame Black,True,Item was updated successfully
12828126,Samsung Galaxy J5 Prime Screen Assembly no Frame Gold,Screen Assembly for Samsung Galaxy J5 Prime no Frame Gold,True,Item was updated successfully
12827845,Samsung Galaxy J5 Prime Screen Assembly no Frame White,Screen Assembly for Samsung Galaxy J5 Prime no Frame White,True,Item was updated successfully
12998814,Samsung Galaxy J5 Pro Screen,Screen for Samsung Galaxy J5 Pro,True,Item was updated successfully
13000030,Samsung Galaxy J5 Pro SM-J530 LCD screen,LCD Screen for Samsung Galaxy J5 Pro SM-J530,True,Item was updated successfully
12999848,Samsung Galaxy M22 M225F  Screen with Frame,Screen for Samsung Galaxy M22 M225F with Frame,True,Item was updated successfully
12999844,Samsung Galaxy M32 M325F  Screen with Frame,Screen for Samsung Galaxy M32 M325F with Frame,True,Item was updated successfully
12828175,Samsung Galaxy Note 1 Screen without Frame Black,Screen for Samsung Galaxy Note 1 no Frame Black,True,Item was updated successfully
12828174,Samsung Galaxy Note 1 Screen without Frame White,Screen for Samsung Galaxy Note 1 no Frame White,True,Item was updated successfully
12828159,Samsung Galaxy Note 2 N7100 Screen Assembly with Frame Black ,Screen Assembly for Samsung Galaxy Note 2 N7100 with Frame Black,True,Item was updated successfully
12828158,Samsung Galaxy Note 2 N7100 Screen Assembly with Frame White,Screen Assembly for Samsung Galaxy Note 2 N7100 with Frame White,True,Item was updated successfully
12828170,Samsung Galaxy Note 2 N7105 Screen Assembly with Frame Black,Screen Assembly for Samsung Galaxy Note 2 N7105 with Frame Black,True,Item was updated successfully
12828169,Samsung Galaxy Note 2 N7105 Screen Assembly with Frame White,Screen Assembly for Samsung Galaxy Note 2 N7105 with Frame White,True,Item was updated successfully
12828156,Samsung Galaxy Note 2 Screen Assembly without Frame Black,Screen Assembly for Samsung Galaxy Note 2 no Frame Black,True,Item was updated successfully
12827794,Samsung Galaxy Note 2 Screen Assembly without Frame White,Screen Assembly for Samsung Galaxy Note 2 no Frame White,True,Item was updated successfully
12827550,Samsung Galaxy Note 2 Screen Glass Lens Black,Screen for Samsung Galaxy Note 2 Glass Lens Black,True,Item was updated successfully
12828047,Samsung Galaxy Note 2 Screen Glass Lens Black,Screen for Samsung Galaxy Note 2 Glass Lens Black,True,Item was updated successfully
12827613,Samsung Galaxy Note 2 Screen Glass Lens Blue,Screen for Samsung Galaxy Note 2 Glass Lens Blue,True,Item was updated successfully
12827611,Samsung Galaxy Note 2 Screen Glass Lens Grey,Screen for Samsung Galaxy Note 2 Glass Lens Grey,True,Item was updated successfully
12827610,Samsung Galaxy Note 2 Screen Glass Lens White,Screen for Samsung Galaxy Note 2 Glass Lens White,True,Item was updated successfully
12827549,Samsung Galaxy Note 2 Screen Glass Lens White,Screen for Samsung Galaxy Note 2 Glass Lens White,True,Item was updated successfully
12828146,Samsung Galaxy Note 3 N900 Screen Assembly with Frame Black,Screen Assembly for Samsung Galaxy Note 3 N900 with Frame Black,True,Item was updated successfully
12828154,Samsung Galaxy Note 3 N900 Screen Assembly with Frame Blue,Screen Assembly for Samsung Galaxy Note 3 N900 with Frame Blue,True,Item was updated successfully
12828153,Samsung Galaxy Note 3 N900 Screen Assembly with Frame White,Screen Assembly for Samsung Galaxy Note 3 N900 with Frame White,True,Item was updated successfully
12828147,Samsung Galaxy Note 3 N900 Screen Assembly with Frame White,Screen Assembly for Samsung Galaxy Note 3 N900 with Frame White,True,Item was updated successfully
12828186,Samsung Galaxy Note 3 N9005 Screen Assembly with Frame Black,Screen Assembly for Samsung Galaxy Note 3 N9005 with Frame Black,True,Item was updated successfully
12828172,Samsung Galaxy Note 3 N9005 Screen Assembly with Frame White,Screen Assembly for Samsung Galaxy Note 3 N9005 with Frame White,True,Item was updated successfully
12827645,Samsung Galaxy Note 3 Screen Glass Lens Black,Screen for Samsung Galaxy Note 3 Glass Lens Black,True,Item was updated successfully
12827644,Samsung Galaxy Note 3 Screen Glass Lens Blue,Screen for Samsung Galaxy Note 3 Glass Lens Blue,True,Item was updated successfully
12827614,Samsung Galaxy Note 3 Screen Glass Lens Gery,Screen for Samsung Galaxy Note 3 Glass Lens Gery,True,Item was updated successfully
12827643,Samsung Galaxy Note 3 Screen Glass Lens White,Screen for Samsung Galaxy Note 3 Glass Lens White,True,Item was updated successfully
12827784,Samsung Galaxy Note 4 Screen Assembly without Frame Black,Screen Assembly for Samsung Galaxy Note 4 no Frame Black,True,Item was updated successfully
12828144,Samsung Galaxy Note 4 Screen Assembly without Frame White,Screen Assembly for Samsung Galaxy Note 4 no Frame White,True,Item was updated successfully
12827628,Samsung Galaxy Note 4 Screen Glass Lens Black,Screen for Samsung Galaxy Note 4 Glass Lens Black,True,Item was updated successfully
12827594,Samsung Galaxy Note 4 Screen Glass Lens White,Screen for Samsung Galaxy Note 4 Glass Lens White,True,Item was updated successfully
12998818,Samsung Galaxy Note 9 Screen,Screen for Samsung Galaxy Note 9,True,Item was updated successfully
12999385,Samsung Galaxy Note10 Plus Screen,Screen for Samsung Galaxy Note10 Plus,True,Item was updated successfully
12999403,Samsung Galaxy Note20 Screen,Screen for Samsung Galaxy Note20,True,Item was updated successfully
12998893,Samsung Galaxy Note20 Ultra Screen,Screen for Samsung Galaxy Note20 Ultra,True,Item was updated successfully
12999345,Samsung Galaxy Note8 Screen,Screen for Samsung Galaxy Note8,True,Item was updated successfully
12827544,Samsung Galaxy S Duos S7562 Touch Screen - Black,Screen for Samsung Galaxy S Duos S7562 Touch Black,True,Item was updated successfully
12999062,Samsung Galaxy S10 Plus Screen,Screen for Samsung Galaxy S10 Plus,True,Item was updated successfully
12828198,Samsung Galaxy S2 i9100 Screen Assembly with Frame Black,Screen Assembly for Samsung Galaxy S2 i9100 with Frame Black,True,Item was updated successfully
12828197,Samsung Galaxy S2 i9100 Screen Assembly with Frame Blue,Screen Assembly for Samsung Galaxy S2 i9100 with Frame Blue,True,Item was updated successfully
12828196,Samsung Galaxy S2 i9100 Screen Assembly with Frame White,Screen Assembly for Samsung Galaxy S2 i9100 with Frame White,True,Item was updated successfully
12828206,Samsung Galaxy S2 i9100 Screen Assembly without Frame Black,Screen Assembly for Samsung Galaxy S2 i9100 no Frame Black,True,Item was updated successfully
12828185,Samsung Galaxy S2 i9100 Screen Assembly without Frame Blue,Screen Assembly for Samsung Galaxy S2 i9100 no Frame Blue,True,Item was updated successfully
12828207,Samsung Galaxy S2 i9100 Screen Assembly without Frame White,Screen Assembly for Samsung Galaxy S2 i9100 no Frame White,True,Item was updated successfully
12828052,Samsung Galaxy S2 i9100 Screen Glass Lens Black,Screen for Samsung Galaxy S2 i9100 Glass Lens Black,True,Item was updated successfully
12827609,Samsung Galaxy S2 i9100 Screen Glass Lens Blue,Screen for Samsung Galaxy S2 i9100 Glass Lens Blue,True,Item was updated successfully
12828046,Samsung Galaxy S2 i9100 Screen Glass Lens White,Screen for Samsung Galaxy S2 i9100 Glass Lens White,True,Item was updated successfully
12999007,Samsung Galaxy S20 FE Screen,Screen for Samsung Galaxy S20 FE,True,Item was updated successfully
12999012,Samsung Galaxy S20 Plus Screen,Screen for Samsung Galaxy S20 Plus,True,Item was updated successfully
12998824,Samsung Galaxy S20 Screen,Screen for Samsung Galaxy S20,True,Item was updated successfully
12998700,Samsung Galaxy S20 Ultra Screen,Screen for Samsung Galaxy S20 Ultra,True,Item was updated successfully
12999232,Samsung Galaxy S21 Plus Screen,Screen for Samsung Galaxy S21 Plus,True,Item was updated successfully
12999611,Samsung Galaxy S21 Screen,Screen for Samsung Galaxy S21,True,Item was updated successfully
12999915,Samsung Galaxy S21FE  Lcd Screen,LCD Screen for Samsung Galaxy S21FE,True,Item was updated successfully
12999909,Samsung Galaxy S22 Lcd Screen,LCD Screen for Samsung Galaxy S22,True,Item was updated successfully
12999519,Samsung Galaxy S22 Ultra Screen,Screen for Samsung Galaxy S22 Ultra,True,Item was updated successfully
12999910,Samsung Galaxy S23 Lcd Screen,LCD Screen for Samsung Galaxy S23,True,Item was updated successfully
12999911,Samsung Galaxy S23 Ultra  Lcd Screen,LCD Screen for Samsung Galaxy S23 Ultra,True,Item was updated successfully
12827835,Samsung Galaxy S3 i9300 Screen Assembly with Frame Black,Screen Assembly for Samsung Galaxy S3 i9300 with Frame Black,True,Item was updated successfully
12828176,Samsung Galaxy S3 i9300 Screen Assembly with Frame Blue,Screen Assembly for Samsung Galaxy S3 i9300 with Frame Blue,True,Item was updated successfully
12828168,Samsung Galaxy S3 i9300 Screen Assembly with Frame White,Screen Assembly for Samsung Galaxy S3 i9300 with Frame White,True,Item was updated successfully
12827863,Samsung Galaxy S3 i9300 Screen Assembly without Frame Black,Screen Assembly for Samsung Galaxy S3 i9300 no Frame Black,True,Item was updated successfully
12828181,Samsung Galaxy S3 i9300 Screen Assembly without Frame Blue,Screen Assembly for Samsung Galaxy S3 i9300 no Frame Blue,True,Item was updated successfully
12827884,Samsung Galaxy S3 i9300 Screen Assembly without Frame White,Screen Assembly for Samsung Galaxy S3 i9300 no Frame White,True,Item was updated successfully
12828210,Samsung Galaxy S3 mini Screen Assembly with Frame Blue,Screen Assembly for Samsung Galaxy S3 mini with Frame Blue,True,Item was updated successfully
12827891,Samsung Galaxy S3 mini Screen Assembly with Frame White,Screen Assembly for Samsung Galaxy S3 mini with Frame White,True,Item was updated successfully
12827642,Samsung Galaxy S3 mini Screen Glass Lens Black,Screen for Samsung Galaxy S3 mini Glass Lens Black,True,Item was updated successfully
12827608,Samsung Galaxy S3 mini Screen Glass Lens White,Screen for Samsung Galaxy S3 mini Glass Lens White,True,Item was updated successfully
12827892,Samsung Galaxy S3 mini Screen without Frame White,Screen for Samsung Galaxy S3 mini no Frame White,True,Item was updated successfully
12828044,Samsung Galaxy S3 Screen Glass Lens Black,Screen for Samsung Galaxy S3 Glass Lens Black,True,Item was updated successfully
12827607,Samsung Galaxy S3 Screen Glass Lens Blue,Screen for Samsung Galaxy S3 Glass Lens Blue,True,Item was updated successfully
12827641,Samsung Galaxy S3 Screen Glass Lens White,Screen for Samsung Galaxy S3 Glass Lens White,True,Item was updated successfully
12828161,Samsung Galaxy S4 i9500 Screen Assembly with Frame Black,Screen Assembly for Samsung Galaxy S4 i9500 with Frame Black,True,Item was updated successfully
12827834,Samsung Galaxy S4 i9500 Screen Assembly with Frame Blue,Screen Assembly for Samsung Galaxy S4 i9500 with Frame Blue,True,Item was updated successfully
12827849,Samsung Galaxy S4 i9500 Screen Assembly with Frame White,Screen Assembly for Samsung Galaxy S4 i9500 with Frame White,True,Item was updated successfully
12828160,Samsung Galaxy S4 i9505 Screen Assembly with Frame Black,Screen Assembly for Samsung Galaxy S4 i9505 with Frame Black,True,Item was updated successfully
12827822,Samsung Galaxy S4 i9505 Screen Assembly with Frame White,Screen Assembly for Samsung Galaxy S4 i9505 with Frame White,True,Item was updated successfully
12828178,Samsung Galaxy S4 i9506 Screen Assembly with Frame Black,Screen Assembly for Samsung Galaxy S4 i9506 with Frame Black,True,Item was updated successfully
12828179,Samsung Galaxy S4 i9506 Screen Assembly with Frame White,Screen Assembly for Samsung Galaxy S4 i9506 with Frame White,True,Item was updated successfully
12828189,Samsung Galaxy S4 mini Screen Assembly with Frame Blue,Screen Assembly for Samsung Galaxy S4 mini with Frame Blue,True,Item was updated successfully
12828184,Samsung Galaxy S4 mini Screen Assembly with Frame White,Screen Assembly for Samsung Galaxy S4 mini with Frame White,True,Item was updated successfully
12827606,Samsung Galaxy S4 mini Screen Glass Lens Black,Screen for Samsung Galaxy S4 mini Glass Lens Black,True,Item was updated successfully
12827605,Samsung Galaxy S4 mini Screen Glass Lens White,Screen for Samsung Galaxy S4 mini Glass Lens White,True,Item was updated successfully
12828203,Samsung Galaxy S4 Screen Assembly without Frame Black,Screen Assembly for Samsung Galaxy S4 no Frame Black,True,Item was updated successfully
12828202,Samsung Galaxy S4 Screen Assembly without Frame Blue,Screen Assembly for Samsung Galaxy S4 no Frame Blue,True,Item was updated successfully
12828205,Samsung Galaxy S4 Screen Assembly without Frame White,Screen Assembly for Samsung Galaxy S4 no Frame White,True,Item was updated successfully
12828039,Samsung Galaxy S4 Screen Glass Lens Black,Screen for Samsung Galaxy S4 Glass Lens Black,True,Item was updated successfully
12827639,Samsung Galaxy S4 Screen Glass Lens Blue,Screen for Samsung Galaxy S4 Glass Lens Blue,True,Item was updated successfully
12828045,Samsung Galaxy S4 Screen Glass Lens White,Screen for Samsung Galaxy S4 Glass Lens White,True,Item was updated successfully
12827815,Samsung Galaxy S5 Screen Assembly without Frame Black,Screen Assembly for Samsung Galaxy S5 no Frame Black,True,Item was updated successfully
12827814,Samsung Galaxy S5 Screen Assembly without Frame Blue,Screen Assembly for Samsung Galaxy S5 no Frame Blue,True,Item was updated successfully
12827816,Samsung Galaxy S5 Screen Assembly without Frame White,Screen Assembly for Samsung Galaxy S5 no Frame White,True,Item was updated successfully
12827604,Samsung Galaxy S5 Screen Glass Lens Black,Screen for Samsung Galaxy S5 Glass Lens Black,True,Item was updated successfully
12827621,Samsung Galaxy S5 Screen Glass Lens White,Screen for Samsung Galaxy S5 Glass Lens White,True,Item was updated successfully
12828139,Samsung Galaxy S6 Edge Screen Assembly without Frame White,Screen Assembly for Samsung Galaxy S6 Edge no Frame White,True,Item was updated successfully
12827789,Samsung Galaxy S6 Screen Assembly without Frame Blue,Screen Assembly for Samsung Galaxy S6 no Frame Blue,True,Item was updated successfully
12827785,Samsung Galaxy S6 Screen Assembly without Frame Gold,Screen Assembly for Samsung Galaxy S6 no Frame Gold,True,Item was updated successfully
12827788,Samsung Galaxy S6 Screen Assembly without Frame White,Screen Assembly for Samsung Galaxy S6 no Frame White,True,Item was updated successfully
12827760,Samsung Galaxy S7 Edge Screen Assembly with Frame Black,Screen Assembly for Samsung Galaxy S7 Edge with Frame Black,True,Item was updated successfully
12827763,Samsung Galaxy S7 Edge Screen Assembly with Frame Gold,Screen Assembly for Samsung Galaxy S7 Edge with Frame Gold,True,Item was updated successfully
12828157,Samsung Galaxy S7 Screen Assembly without Frame Black,Screen Assembly for Samsung Galaxy S7 no Frame Black,True,Item was updated successfully
12828152,Samsung Galaxy S7 Screen Assembly without Frame Gold,Screen Assembly for Samsung Galaxy S7 no Frame Gold,True,Item was updated successfully
12827783,Samsung Galaxy S7 Screen Assembly without Frame Silver,Screen Assembly for Samsung Galaxy S7 no Frame Silver,True,Item was updated successfully
12998243,Samsung Galaxy S8 Plus Screen,Screen for Samsung Galaxy S8 Plus,True,Item was updated successfully
12827532,Samsung Galaxy S8 Screen,Screen for Samsung Galaxy S8,True,Item was updated successfully
12999054,Samsung Galaxy S8 Second Hand Screen (Black Dot),Screen for Samsung Galaxy S8 Second Hand ( Dot) Black,True,Item was updated successfully
12998244,Samsung Galaxy S9 Plus Screen,Screen for Samsung Galaxy S9 Plus,True,Item was updated successfully
12998242,Samsung Galaxy S9 Screen,Screen for Samsung Galaxy S9,True,Item was updated successfully
12828173,Samsung Galaxy Tab 3 SM-T310 Screen Assembly,Screen Assembly for Samsung Galaxy Tab 3 SM-T310,True,Item was updated successfully
12999577,Samsung Galaxy Tab A 8.0 (2017) Screen,Screen for Samsung Galaxy Tab A 8.0 (2017),True,Item was updated successfully
12999887,Samsung Galaxy Tab A7 Lcd Screen,LCD Screen for Samsung Galaxy Tab A7,True,Item was updated successfully
12999530,Samsung Galaxy Tab SM-T330 Touch Screen WHITE,Screen for Samsung Galaxy Tab SM-T330 Touch White,True,Item was updated successfully
12827906,Samsung Galaxy Xcover 3 Touch Screen,Screen for Samsung Galaxy Xcover 3 Touch,True,Item was updated successfully
12827905,Samsung Galaxy Xcover 4 Touch Screen,Screen for Samsung Galaxy Xcover 4 Touch,True,Item was updated successfully
12999660,Samsung Galaxy Xcover Pro Screen,Screen for Samsung Galaxy Xcover Pro,True,Item was updated successfully
12998045,Samsung J4 plus Screen ,Screen for Samsung J4 Plus,True,Item was updated successfully
12998241,Samsung J7 Pro Screen,Screen for Samsung J7 Pro,True,Item was updated successfully
12998417,Samsung Phone S10 Screen,Screen for Samsung Phone S10,True,Item was updated successfully
12999509,Samsung S20 FE Org. Cracked Screen for Sell,Screen for Samsung S20 FE Org. Cracked for Sell,False,SKIPPED_NON_SCREEN
12999263,Samsung S21 Ultra LCD Screen,LCD Screen for Samsung S21 Ultra,True,Item was updated successfully
13000254,SAMSUNG S22PUS LCD  SCREEN REPLACMENT,LCD Screen for Samsung S22PUS,True,Item was updated successfully
12828289,Samsung Tab 3 SM-T310 Touch Screen Black,Screen for Samsung Tab 3 SM-T310 Touch Black,True,Item was updated successfully
12828288,Samsung Tab 3 SM-T310 Touch Screen White,Screen for Samsung Tab 3 SM-T310 Touch White,True,Item was updated successfully
12998808,Samsung Tablet SM-T290/T295 screen,Screen for Samsung Tablet SM-T290/T295,True,Item was updated successfully
12999937,"Apple ipad 12.9"" Lcd","LCD Screen for iPad 12.9""",True,Item was updated successfully
12999914,Apple ipad 9th Gen Lcd,LCD Screen for iPad 9th Gen,True,Item was updated successfully
12999791,Apple Ipad Air 3rd Gen A2152 LCD,LCD Screen for iPad Air 3rd Gen A2152,True,Item was updated successfully
12999785,"Apple Ipad Pro 10.5"" A1709 LCD","LCD Screen for iPad Pro 10.5"" A1709",True,Item was updated successfully
12999938,"Apple ipad pro 11"" LCD","LCD Screen for iPad Pro 11""",True,Item was updated successfully
12999927,"Apple ipad pro 9.7"" Lcd","LCD Screen for iPad Pro 9.7""",True,Item was updated successfully
13000008,Apple Macbook A2681 LCD Replacement,LCD Screen for MacBook A2681,True,Item was updated successfully
12999543,Apple MacBook Pro A2159 2018 2019 A1989 A2289 LCD,LCD Screen for MacBook Pro A2159 2018 2019 A1989 A2289,True,Item was updated successfully
13000213,iphone 13 mini lcd,LCD Screen for iPhone 13 mini,True,Item was updated successfully
12828297,iPhone 3G LCD,LCD Screen for iPhone 3G,True,Item was updated successfully
12827966,iPhone 3GS LCD,LCD Screen for iPhone 3GS,True,Item was updated successfully
12827868,Samsung Galaxy Xcover 3 LCD,LCD Screen for Samsung Galaxy Xcover 3,True,Item was updated successfully
12828133,Samsung Galaxy Xcover 4 LCD,LCD Screen for Samsung Galaxy Xcover 4,True,Item was updated successfully
13001189,iPhone 16e Aftermarket OLED Screen,OLED Screen for iPhone 16e,True,Item was updated successfully
12999445,Apple iPad 5 Retina Display 32GB Space Grey Refurb,Screen for iPad 5 Retina 32GB Space Grey Refurb Space Gray,False,SKIPPED_NON_SCREEN
