id,old_name,new_name,reason,stock,sku
13000954,Apple iPhone 15 Plus TFT Screen,RHD Screen for iPhone 15 Plus,tft,1,PHSA0195
13000934,Apple iPhone 15 TFT Screen,RHD Screen for iPhone 15,tft,1,PHSA0192
13000210,IPhone  13 pro aftermarket tft screen,RHD Screen for iPhone 13 Pro,tft,1,PHSA0177
12998269,IPhone 11 Aftermarket LCD Screen TFT,RHD Screen for iPhone 11,tft,0,PHSA0097
12998337,IPhone 11 Pro Aftermarket LCD Screen TFT,RHD Screen for iPhone 11 Pro,tft,3,PHSA0098
12998353,iPhone 11 Pro Max Aftermarket LCD Screen TFT,RHD Screen for iPhone 11 Pro Max,tft,4,PHSA0099
12998917,iPhone 12 / 12 Pro Aftermarket TFT LCD Screen,RHD Screen for iPhone 12 / 12 Pro,tft,2,PHSA0103
12998915,iPhone 12 Pro Max Aftermarket LCD Screen TFT,RHD Screen for iPhone 12 Pro Max,tft,-2,PHSA0101
12999633,iPhone 13 TFT Aftermarket LCD Screen,RHD Screen for iPhone 13,tft,-1,PHP13003
13001224,iPhone 16 Pro Aftermarket TFT Screen,RHD Screen for iPhone 16 Pro,tft,0,
13001203,iPhone 16 Pro Aftermarket TFT Screen,RHD Screen for iPhone 16 Pro,tft,0,
13001187,iPhone 16 Pro Aftermarket TFT Screen,RHD Screen for iPhone 16 Pro,tft,0,
13001108,iPhone 16 Pro Aftermarket TFT Screen,RHD Screen for iPhone 16 Pro,tft,0,PHSA0200
13000359,iPhone SE 2020 2022 Aftermarket TFT LCD Screen,RHD Screen for iPhone SE 2020 2022,tft,-2,PHSA0201
12828119,iPhone X Aftermarket LCD Screen TFT,RHD Screen for iPhone X,tft,-1,PHSA0080
12997980,iPhone XR LCD Screen TFT,RHD Screen for iPhone XR,tft,-1,PHSA0122
12998246,iPhone XR TFT Screen (Don't Use This),RHD Screen for iPhone XR,tft,11,PHPX0025
12998247,iPhone XS LCD Screen- TFT,RHD Screen for iPhone XS,tft,-2,PHSA0125
12998248,iPhone XS Max Aftermarket LCD Screen TFT,RHD Screen for iPhone XS Max,tft,2,PHSA0126
12999106,Samsung Galaxy A32 5G TFT Screen,RHD Screen for Samsung Galaxy A32 5G,tft,1,PHSS0129
12999807,Apple ipad 9th Gen Touch Glass Screen Black,Touch Glass for iPad 9th Gen Black,apple_prefix,0,PHSA0114
12999808,Apple ipad Mini 4 Lcd Screen,LCD Screen for iPad mini 4,apple_prefix,2,PHSA0115
12998800,Apple iPhone 11 Pro Screen,Screen for iPhone 11 Pro,apple_prefix,5,PHPX0049
13000531,Apple iPhone 12 Pro OEM Screen,Screen for iPhone 12 Pro,apple_prefix,-1,PHSA0191
12999859,Apple iphone 13 OEM Screen,Screen for iPhone 13,apple_prefix,0,PHSA0116
13001115,Apple iPhone 13 OLED Screen,OLED Screen for iPhone 13,apple_prefix,0,PHSA0222
12999781,Apple iphone 13 Pro Max OEM Screen,Screen for iPhone 13 Pro Max,apple_prefix,9,PHP70044
13001022,Apple iPhone 13 Pro Max OLED Screen,OLED Screen for iPhone 13 Pro Max,apple_prefix,0,PHSA0196
13001063,Apple iPhone 16 Pro Aftermarket OLED Screen,OLED Screen for iPhone 16 Pro,apple_prefix,0,PHSA0197
13001103,Apple iPhone 16e Aftermarket OLED Screen,OLED Screen for iPhone 16e,apple_prefix,0,PHSA0198
13001107,Apple iPhone 17 Pro Aftermarket OLED Screen,OLED Screen for iPhone 17 Pro,apple_prefix,0,PHSA0199
12828242,Apple iPhone 5S Screen SE Screen Black [ORG],Screen for iPhone 5S SE Black,apple_prefix,0,PHSA0023
12828241,Apple iPhone 5S Screen SE Screen White [ORG],Screen for iPhone 5S SE White,apple_prefix,0,PHSA0024
12828209,Apple iPhone 6 Plus Screen Black [ORG],Screen for iPhone 6 Plus Black,apple_prefix,1,PHSA0056
12827836,Apple iPhone 6 Plus Screen White [ORG],Screen for iPhone 6 Plus White,apple_prefix,1,PHSA0057
12828222,Apple iPhone 6 Screen Black [ORG],Screen for iPhone 6 Black,apple_prefix,0,PHSA0054
12828221,Apple iPhone 6 Screen White [ORG],Screen for iPhone 6 White,apple_prefix,4,PHSA0055
12828163,Apple iPhone 6S Plus Screen Black [ORG],Screen for iPhone 6S Plus Black,apple_prefix,0,PHSA0060
12828162,Apple iPhone 6S Plus Screen White [ORG],Screen for iPhone 6S Plus White,apple_prefix,0,PHSA0061
12827820,Apple iPhone 6S Screen Black [ORG],Screen for iPhone 6S Black,apple_prefix,2,PHSA0058
12828127,Apple iPhone 6S Screen White [ORG],Screen for iPhone 6S White,apple_prefix,-1,PHSA0059
12828164,Apple iPhone 7 Plus Screen Black [ORG],Screen for iPhone 7 Plus Black,apple_prefix,3,PHSA0067
12828165,Apple iPhone 7 Plus Screen White [ORG],Screen for iPhone 7 Plus White,apple_prefix,1,PHSA0068
12827790,Apple iPhone 7 Screen Black [ORG],Screen for iPhone 7 Black,apple_prefix,1,PHSA0065
12827791,Apple iPhone 7 Screen White [ORG],Screen for iPhone 7 White,apple_prefix,8,PHSA0066
12827535,Apple iPhone 8 Screen Black [ORG],Screen for iPhone 8 Black,apple_prefix,3,PHSA0083
12828112,Apple iPhone X Screen [ORG],Screen for iPhone X,apple_prefix,2,PHSA0081
12999300,Apple MacBook Pro 13 inch Year 2020 A2251 Screen Assembly,Screen Assembly for MacBook Pro 13 inch Year 2020 A2251,apple_prefix,0,LPS00054
12999108,Apple MacBook Pro 13-inch A1706/A1708 Screen Assembly Silver,Screen Assembly for MacBook Pro 13-inch A1706/A1708 Silver,apple_prefix,0,LPS00049
12998379,iPhone 11 Orginal LCD Screen,LCD Screen for iPhone 11 Orginal,iphone_prefix,4,PHSA0100
12999684,iPhone 11 Pro Max OEM Screen,Screen for iPhone 11 Pro Max,iphone_prefix,-1,PHSA0108
12999103,iPhone 11 Pro Max Org. Cracked Screen for Sell,Screen for iPhone 11 Pro Max Org. Cracked for Sell,iphone_prefix,-4,PHSC0005
12999658,iPhone 11 Pro OLED Screen,OLED Screen for iPhone 11 Pro,iphone_prefix,1,PHSA0107
12998802,iPhone 11 Pro Org. Cracked Screen for Sell,Screen for iPhone 11 Pro Org. Cracked for Sell,iphone_prefix,-6,PHSC0002
12998918,iPhone 12 Mini LCD Screen,LCD Screen for iPhone 12 mini,iphone_prefix,0,PHSA0104
12999537,iPhone 12 Org. Cracked Screen for Sell,Screen for iPhone 12 Org. Cracked for Sell,iphone_prefix,-1,PHSC0007
12998916,"iPhone 12 Pro Screen (Don't use this, use iPhone 12 SKU)",Screen for iPhone 12 Pro,iphone_prefix,0,PHSA0102
13001186,iPhone 13 OLED Screen,OLED Screen for iPhone 13,iphone_prefix,0,
13001202,iPhone 13 OLED Screen,OLED Screen for iPhone 13,iphone_prefix,0,
13001223,iPhone 13 OLED Screen,OLED Screen for iPhone 13,iphone_prefix,0,
12999860,iPhone 13 Pro Max LCD Screen,LCD Screen for iPhone 13 Pro Max,iphone_prefix,2,PHSA0117
12999753,iPhone 13 Pro Orginal LCD Screen,LCD Screen for iPhone 13 Pro Orginal,iphone_prefix,1,PHSA0109
13001216,iPhone 16 Pro Aftermarket OLED Screen,OLED Screen for iPhone 16 Pro,iphone_prefix,0,
13001226,iPhone 16e Aftermarket OLED Screen,OLED Screen for iPhone 16e,iphone_prefix,0,
13001205,iPhone 16e Aftermarket OLED Screen,OLED Screen for iPhone 16e,iphone_prefix,0,
13001188,iPhone 17 Pro Aftermarket OLED Screen,OLED Screen for iPhone 17 Pro,iphone_prefix,0,
13001225,iPhone 17 Pro Aftermarket OLED Screen,OLED Screen for iPhone 17 Pro,iphone_prefix,0,
13001204,iPhone 17 Pro Aftermarket OLED Screen,OLED Screen for iPhone 17 Pro,iphone_prefix,0,
12828342,iPhone 3G Screen Black,Screen for iPhone 3G Black,iphone_prefix,0,PHSA0009
12828340,iPhone 3G Screen White,Screen for iPhone 3G White,iphone_prefix,0,PHSA0010
12827554,iPhone 3GS Mid Chassis Bezel (Touch Screen Frame),Screen for iPhone 3GS Mid Chassis Bezel (Touch Frame),iphone_prefix,0,PHP30003
12828298,iPhone 3GS Screen Black,Screen for iPhone 3GS Black,iphone_prefix,0,PHSA0012
12828296,iPhone 3GS Screen White,Screen for iPhone 3GS White,iphone_prefix,0,PHSA0013
12827910,iPhone 4 Screen Black,Screen for iPhone 4 Black,iphone_prefix,1,PHSA0014
12827912,iPhone 4 Screen White,Screen for iPhone 4 White,iphone_prefix,7,PHSA0015
12827909,iPhone 4S Screen Black,Screen for iPhone 4S Black,iphone_prefix,1,PHSA0016
12827907,iPhone 4S Screen White,Screen for iPhone 4S White,iphone_prefix,6,PHSA0017
12827898,iPhone 5 Screen Black,Screen for iPhone 5 Black,iphone_prefix,5,PHSA0018
12827900,iPhone 5 Screen White,Screen for iPhone 5 White,iphone_prefix,10,PHSA0019
12827901,iPhone 5C Screen Black,Screen for iPhone 5C Black,iphone_prefix,8,PHSA0020
12827897,iPhone 5S Screen Black,Screen for iPhone 5S Black,iphone_prefix,3,PHSA0021
12827899,iPhone 5S Screen White,Screen for iPhone 5S White,iphone_prefix,3,PHSA0022
12827888,iPhone 6 LCD Screen Black,LCD Screen for iPhone 6 Black,iphone_prefix,4,PHSA0025
12827886,iPhone 6 LCD Screen White,LCD Screen for iPhone 6 White,iphone_prefix,6,PHSA0026
12827882,iPhone 6 Plus LCD Screen White,LCD Screen for iPhone 6 Plus White,iphone_prefix,4,PHSA0039
12827883,iPhone 6 Plus Screen Black,Screen for iPhone 6 Plus Black,iphone_prefix,1,PHSA0038
12827848,iPhone 6S Plus Screen Black,Screen for iPhone 6S Plus Black,iphone_prefix,3,PHSA0027
12827847,iPhone 6S Plus Screen White,Screen for iPhone 6S Plus White,iphone_prefix,0,PHSA0028
12827869,iPhone 6S Screen Black,Screen for iPhone 6S Black,iphone_prefix,1,PHSA0029
12827870,iPhone 6S Screen White,Screen for iPhone 6S White,iphone_prefix,3,PHSA0030
12827841,iPhone 7 LCD Screen Black,LCD Screen for iPhone 7 Black,iphone_prefix,8,PHSA0072
12827840,iPhone 7 LCD Screen White,LCD Screen for iPhone 7 White,iphone_prefix,4,PHSA0073
12827830,iPhone 7 Plus Black LCD Screen,LCD Screen for iPhone 7 Plus Black,iphone_prefix,3,PHSA0074
12827831,iPhone 7 Plus White LCD Screen,LCD Screen for iPhone 7 Plus White,iphone_prefix,3,PHSA0075
12827832,iPhone 8 LCD Screen Black,LCD Screen for iPhone 8 Black,iphone_prefix,3,PHSA0076
12827534,iPhone 8 LCD Screen White,LCD Screen for iPhone 8 White,iphone_prefix,8,PHSA0084
12827828,iPhone 8 Plus Black LCD Screen,LCD Screen for iPhone 8 Plus Black,iphone_prefix,0,PHSA0078
12827537,iPhone 8 Plus LCD Screen Black,LCD Screen for iPhone 8 Plus Black,iphone_prefix,5,PHSA0085
12827536,iPhone 8 Plus LCD Screen White,LCD Screen for iPhone 8 Plus White,iphone_prefix,5,PHSA0086
12827827,iPhone 8 Plus White LCD Screen,LCD Screen for iPhone 8 Plus White,iphone_prefix,-1,PHSA0079
12828252,iPhone Screen Easy Removal Opening Tool,Screen for iPhone Easy Removal Opening Tool,iphone_prefix,-1,TOL00002
12998569,iPhone X Org. Cracked Screen for Sell,Screen for iPhone X Org. Cracked for Sell,iphone_prefix,-7,PHSC0001
12828116,iPhone X Screen OLED,OLED Screen for iPhone X,iphone_prefix,-6,PHSA0082
12998615,iPhone XR Screen,Screen for iPhone XR,iphone_prefix,12,PHSA0127
12998005,iPhone XR Screen OLED,OLED Screen for iPhone XR,iphone_prefix,-1,
12997659,iPhone XS LCD Screen Orginal,LCD Screen for iPhone XS Orginal,iphone_prefix,5,PHSA0091
12997658,iPhone XS Max LCD Screen Orginal,LCD Screen for iPhone XS Max Orginal,iphone_prefix,0,PHSA0090
12999102,iPhone XS Max Org. Cracked Screen for Sell,Screen for iPhone XS Max Org. Cracked for Sell,iphone_prefix,-3,PHSC0004
12998007,iPhone XS Max Screen OLED,OLED Screen for iPhone XS Max,iphone_prefix,0,PHSA0124
12999101,iPhone XS Org. Cracked Screen for Sell,Screen for iPhone XS Org. Cracked for Sell,iphone_prefix,-3,PHSC0003
12998006,iPhone XS Screen OLED,OLED Screen for iPhone XS,iphone_prefix,2,PHSA0123
13000227,Samsung A05 screen,Screen for Samsung A05,samsung_prefix,1,PHSS0200
12997838,Samsung A10 Screen,Screen for Samsung A10,samsung_prefix,1,PHPS0061
12998221,Samsung A10s Screen,Screen for Samsung A10s,samsung_prefix,5,PHPS0063
12999046,Samsung A12 LCD Screen,LCD Screen for Samsung A12,samsung_prefix,0,PHSS0124
12997956,Samsung A20 Screen Replacement,Screen for Samsung A20,samsung_prefix,2,PHAS0223
12998416,Samsung A21S Screen,Screen for Samsung A21S,samsung_prefix,-1,PHSS0102
12998222,Samsung A30 Screen,Screen for Samsung A30,samsung_prefix,1,PHPS0065
12998708,Samsung A31 LCD Screen,LCD Screen for Samsung A31,samsung_prefix,3,PHPS0091
13000459,Samsung A34 OEM screen with frame,Screen for Samsung A34 with Frame,samsung_prefix,-1,PHSA0185
13000411,Samsung A34 OLED screen with frame,OLED Screen for Samsung A34 with Frame,samsung_prefix,0,PHSA0180
13000031,Samsung A50 LCD Screen,LCD Screen for Samsung A50,samsung_prefix,0,PHSA0165
12998223,Samsung A50 Screen,Screen for Samsung A50,samsung_prefix,-2,PHPS0066
12998961,Samsung A52 LCD Screen,LCD Screen for Samsung A52,samsung_prefix,-3,PHSS0113
13000462,Samsung A52 OEM screen with frame,Screen for Samsung A52 with Frame,samsung_prefix,0,PHSA0186
12998224,Samsung A70 Screen,Screen for Samsung A70,samsung_prefix,0,PHPS0067
12998962,Samsung Galaxy A01 Screen,Screen for Samsung Galaxy A01,samsung_prefix,3,PHSS0114
12998963,Samsung Galaxy A02 Screen,Screen for Samsung Galaxy A02,samsung_prefix,2,PHSS0115
12999065,Samsung Galaxy A02S Screen,Screen for Samsung Galaxy A02S,samsung_prefix,1,PHSS0127
12999335,Samsung Galaxy A02s/A03/A03s LCD Screen,LCD Screen for Samsung Galaxy A02s/A03/A03s,samsung_prefix,0,PHSS0134
12999316,Samsung Galaxy A03/ A12 Nacho screen,Screen for Samsung Galaxy A03/ A12 Nacho,samsung_prefix,1,PHSS0133
12999699,Samsung Galaxy A04 Screen,Screen for Samsung Galaxy A04,samsung_prefix,0,PHSS0150
12998650,Samsung Galaxy A10 Screen with Frame,Screen for Samsung Galaxy A10 with Frame,samsung_prefix,8,PHSS0105
12998259,Samsung Galaxy A11 Screen,Screen for Samsung Galaxy A11,samsung_prefix,2,PHPS0074
12999935,Samsung Galaxy A13 Screen,Screen for Samsung Galaxy A13,samsung_prefix,1,PHSS0153
12999792,Samsung Galaxy A14 5G Screen,Screen for Samsung Galaxy A14 5G,samsung_prefix,1,PHSS0152
12999107,Samsung Galaxy A20 OLED Screen,OLED Screen for Samsung Galaxy A20,samsung_prefix,1,PHSS0130
12999821,Samsung Galaxy A21s  Screen,Screen for Samsung Galaxy A21s,samsung_prefix,0,PHPS0187
12998959,Samsung Galaxy A22 (5G) Screen,Screen for Samsung Galaxy A22 (5G),samsung_prefix,0,PHSS0111
12999472,Samsung Galaxy A22 4G Screen,Screen for Samsung Galaxy A22 4G,samsung_prefix,-1,PHSS0141
12999667,Samsung Galaxy A23 Screen,Screen for Samsung Galaxy A23,samsung_prefix,0,PHSS0147
12999006,Samsung Galaxy A3 (2017) Screen,Screen for Samsung Galaxy A3 (2017),samsung_prefix,0,PHSS0121
12998968,Samsung Galaxy A30 OLED Screen,OLED Screen for Samsung Galaxy A30,samsung_prefix,0,PHSS0120
12998966,Samsung Galaxy A31 OLED Screen,OLED Screen for Samsung Galaxy A31,samsung_prefix,0,PHSS0118
12998964,Samsung Galaxy A32 4G Screen,Screen for Samsung Galaxy A32 4G,samsung_prefix,2,PHSS0116
12999382,Samsung Galaxy A32 5G Screen ,Screen for Samsung Galaxy A32 5G,samsung_prefix,1,PHSS0136
12998709,Samsung Galaxy A51 OLED Screen,OLED Screen for Samsung Galaxy A51,samsung_prefix,-2,PHPS0092
12999706,Samsung Galaxy A52s Screen,Screen for Samsung Galaxy A52s,samsung_prefix,-2,PHSS0151
12999586,Samsung Galaxy A53 5G Screen,Screen for Samsung Galaxy A53 5G,samsung_prefix,0,PHSS0144
12999694,Samsung Galaxy A7 (2017) Screen,Screen for Samsung Galaxy A7 (2017),samsung_prefix,0,PHSS0148
12999105,Samsung Galaxy A70 OLED Screen,OLED Screen for Samsung Galaxy A70,samsung_prefix,0,PHSS0128
12999479,Samsung Galaxy A71 4G OEM Screen,Screen for Samsung Galaxy A71 4G,samsung_prefix,0,PHSS0142
12999697,Samsung Galaxy A71 4G OLED Screen,OLED Screen for Samsung Galaxy A71 4G,samsung_prefix,1,PHSS0149
12998965,Samsung Galaxy A71 OLED Screen,OLED Screen for Samsung Galaxy A71,samsung_prefix,1,PHSS0117
12998960,Samsung Galaxy A72 Screen,Screen for Samsung Galaxy A72,samsung_prefix,1,PHSS0112
12827846,Samsung Galaxy J5 Prime Screen Assembly no Frame Black,Screen Assembly for Samsung Galaxy J5 Prime no Frame Black,samsung_prefix,4,PHSS0089
12828126,Samsung Galaxy J5 Prime Screen Assembly no Frame Gold,Screen Assembly for Samsung Galaxy J5 Prime no Frame Gold,samsung_prefix,0,PHSS0091
12827845,Samsung Galaxy J5 Prime Screen Assembly no Frame White,Screen Assembly for Samsung Galaxy J5 Prime no Frame White,samsung_prefix,0,PHSS0090
12998814,Samsung Galaxy J5 Pro Screen,Screen for Samsung Galaxy J5 Pro,samsung_prefix,0,PHSS0107
13000030,Samsung Galaxy J5 Pro SM-J530 LCD screen,LCD Screen for Samsung Galaxy J5 Pro SM-J530,samsung_prefix,0,PHPS0199
12999848,Samsung Galaxy M22 M225F  Screen with Frame,Screen for Samsung Galaxy M22 M225F with Frame,samsung_prefix,1,PHPS0189
12999844,Samsung Galaxy M32 M325F  Screen with Frame,Screen for Samsung Galaxy M32 M325F with Frame,samsung_prefix,0,PHPS0188
12828175,Samsung Galaxy Note 1 Screen without Frame Black,Screen for Samsung Galaxy Note 1 no Frame Black,samsung_prefix,2,PHSS0001
12828174,Samsung Galaxy Note 1 Screen without Frame White,Screen for Samsung Galaxy Note 1 no Frame White,samsung_prefix,2,PHSS0002
12828159,Samsung Galaxy Note 2 N7100 Screen Assembly with Frame Black ,Screen Assembly for Samsung Galaxy Note 2 N7100 with Frame Black,samsung_prefix,3,PHSS0003
12828158,Samsung Galaxy Note 2 N7100 Screen Assembly with Frame White,Screen Assembly for Samsung Galaxy Note 2 N7100 with Frame White,samsung_prefix,0,PHSS0073
12828170,Samsung Galaxy Note 2 N7105 Screen Assembly with Frame Black,Screen Assembly for Samsung Galaxy Note 2 N7105 with Frame Black,samsung_prefix,0,PHSS0004
12828169,Samsung Galaxy Note 2 N7105 Screen Assembly with Frame White,Screen Assembly for Samsung Galaxy Note 2 N7105 with Frame White,samsung_prefix,0,PHSS0005
12828156,Samsung Galaxy Note 2 Screen Assembly without Frame Black,Screen Assembly for Samsung Galaxy Note 2 no Frame Black,samsung_prefix,0,PHSS0006
12827794,Samsung Galaxy Note 2 Screen Assembly without Frame White,Screen Assembly for Samsung Galaxy Note 2 no Frame White,samsung_prefix,6,PHSS0007
12827550,Samsung Galaxy Note 2 Screen Glass Lens Black,Screen for Samsung Galaxy Note 2 Glass Lens Black,samsung_prefix,0,PHSS0008
12828047,Samsung Galaxy Note 2 Screen Glass Lens Black,Screen for Samsung Galaxy Note 2 Glass Lens Black,samsung_prefix,0,PHSS0009
12827613,Samsung Galaxy Note 2 Screen Glass Lens Blue,Screen for Samsung Galaxy Note 2 Glass Lens Blue,samsung_prefix,0,PHSS0010
12827611,Samsung Galaxy Note 2 Screen Glass Lens Grey,Screen for Samsung Galaxy Note 2 Glass Lens Grey,samsung_prefix,0,PHSS0011
12827610,Samsung Galaxy Note 2 Screen Glass Lens White,Screen for Samsung Galaxy Note 2 Glass Lens White,samsung_prefix,0,PHSS0013
12827549,Samsung Galaxy Note 2 Screen Glass Lens White,Screen for Samsung Galaxy Note 2 Glass Lens White,samsung_prefix,0,PHSS0012
12828146,Samsung Galaxy Note 3 N900 Screen Assembly with Frame Black,Screen Assembly for Samsung Galaxy Note 3 N900 with Frame Black,samsung_prefix,0,PHSS0014
12828154,Samsung Galaxy Note 3 N900 Screen Assembly with Frame Blue,Screen Assembly for Samsung Galaxy Note 3 N900 with Frame Blue,samsung_prefix,0,PHSS0015
12828153,Samsung Galaxy Note 3 N900 Screen Assembly with Frame White,Screen Assembly for Samsung Galaxy Note 3 N900 with Frame White,samsung_prefix,0,PHSS0016
12828147,Samsung Galaxy Note 3 N900 Screen Assembly with Frame White,Screen Assembly for Samsung Galaxy Note 3 N900 with Frame White,samsung_prefix,2,PHSS0017
12828186,Samsung Galaxy Note 3 N9005 Screen Assembly with Frame Black,Screen Assembly for Samsung Galaxy Note 3 N9005 with Frame Black,samsung_prefix,4,PHSS0018
12828172,Samsung Galaxy Note 3 N9005 Screen Assembly with Frame White,Screen Assembly for Samsung Galaxy Note 3 N9005 with Frame White,samsung_prefix,0,PHSS0019
12827645,Samsung Galaxy Note 3 Screen Glass Lens Black,Screen for Samsung Galaxy Note 3 Glass Lens Black,samsung_prefix,0,PHSS0020
12827644,Samsung Galaxy Note 3 Screen Glass Lens Blue,Screen for Samsung Galaxy Note 3 Glass Lens Blue,samsung_prefix,0,PHSS0021
12827614,Samsung Galaxy Note 3 Screen Glass Lens Gery,Screen for Samsung Galaxy Note 3 Glass Lens Gery,samsung_prefix,0,PHSS0022
12827643,Samsung Galaxy Note 3 Screen Glass Lens White,Screen for Samsung Galaxy Note 3 Glass Lens White,samsung_prefix,0,PHSS0023
12827784,Samsung Galaxy Note 4 Screen Assembly without Frame Black,Screen Assembly for Samsung Galaxy Note 4 no Frame Black,samsung_prefix,0,PHSS0024
12828144,Samsung Galaxy Note 4 Screen Assembly without Frame White,Screen Assembly for Samsung Galaxy Note 4 no Frame White,samsung_prefix,0,PHSS0025
12827628,Samsung Galaxy Note 4 Screen Glass Lens Black,Screen for Samsung Galaxy Note 4 Glass Lens Black,samsung_prefix,0,PHSS0026
12827594,Samsung Galaxy Note 4 Screen Glass Lens White,Screen for Samsung Galaxy Note 4 Glass Lens White,samsung_prefix,0,PHSS0027
12998818,Samsung Galaxy Note 9 Screen,Screen for Samsung Galaxy Note 9,samsung_prefix,0,PHPS0110
12999385,Samsung Galaxy Note10 Plus Screen,Screen for Samsung Galaxy Note10 Plus,samsung_prefix,0,PHSS0137
12999403,Samsung Galaxy Note20 Screen,Screen for Samsung Galaxy Note20,samsung_prefix,0,PHSS0138
12998893,Samsung Galaxy Note20 Ultra Screen,Screen for Samsung Galaxy Note20 Ultra,samsung_prefix,0,PHSS0110
12999345,Samsung Galaxy Note8 Screen,Screen for Samsung Galaxy Note8,samsung_prefix,1,PHSS0135
12827544,Samsung Galaxy S Duos S7562 Touch Screen - Black,Screen for Samsung Galaxy S Duos S7562 Touch Black,samsung_prefix,0,PHSS0028
12999062,Samsung Galaxy S10 Plus Screen,Screen for Samsung Galaxy S10 Plus,samsung_prefix,1,PHSS0126
12828198,Samsung Galaxy S2 i9100 Screen Assembly with Frame Black,Screen Assembly for Samsung Galaxy S2 i9100 with Frame Black,samsung_prefix,2,PHSS0029
12828197,Samsung Galaxy S2 i9100 Screen Assembly with Frame Blue,Screen Assembly for Samsung Galaxy S2 i9100 with Frame Blue,samsung_prefix,0,BATS0010
12828196,Samsung Galaxy S2 i9100 Screen Assembly with Frame White,Screen Assembly for Samsung Galaxy S2 i9100 with Frame White,samsung_prefix,5,PHSS0030
12828206,Samsung Galaxy S2 i9100 Screen Assembly without Frame Black,Screen Assembly for Samsung Galaxy S2 i9100 no Frame Black,samsung_prefix,0,PHSS0031
12828185,Samsung Galaxy S2 i9100 Screen Assembly without Frame Blue,Screen Assembly for Samsung Galaxy S2 i9100 no Frame Blue,samsung_prefix,0,PHSS0034
12828207,Samsung Galaxy S2 i9100 Screen Assembly without Frame White,Screen Assembly for Samsung Galaxy S2 i9100 no Frame White,samsung_prefix,0,PHSS0035
12828052,Samsung Galaxy S2 i9100 Screen Glass Lens Black,Screen for Samsung Galaxy S2 i9100 Glass Lens Black,samsung_prefix,0,PHSS0072
12827609,Samsung Galaxy S2 i9100 Screen Glass Lens Blue,Screen for Samsung Galaxy S2 i9100 Glass Lens Blue,samsung_prefix,0,PHSS0036
12828046,Samsung Galaxy S2 i9100 Screen Glass Lens White,Screen for Samsung Galaxy S2 i9100 Glass Lens White,samsung_prefix,0,PHSS0037
12999007,Samsung Galaxy S20 FE Screen,Screen for Samsung Galaxy S20 FE,samsung_prefix,-3,PHSS0122
12999012,Samsung Galaxy S20 Plus Screen,Screen for Samsung Galaxy S20 Plus,samsung_prefix,0,PHSS0123
12998824,Samsung Galaxy S20 Screen,Screen for Samsung Galaxy S20,samsung_prefix,2,PHSS0108
12998700,Samsung Galaxy S20 Ultra Screen,Screen for Samsung Galaxy S20 Ultra,samsung_prefix,0,PHSS0106
12999232,Samsung Galaxy S21 Plus Screen,Screen for Samsung Galaxy S21 Plus,samsung_prefix,-1,PHSS0131
12999611,Samsung Galaxy S21 Screen,Screen for Samsung Galaxy S21,samsung_prefix,2,PHSS0145
12999915,Samsung Galaxy S21FE  Lcd Screen,LCD Screen for Samsung Galaxy S21FE,samsung_prefix,-1,PHPS0195
12999909,Samsung Galaxy S22 Lcd Screen,LCD Screen for Samsung Galaxy S22,samsung_prefix,-1,PHPS0192
12999519,Samsung Galaxy S22 Ultra Screen,Screen for Samsung Galaxy S22 Ultra,samsung_prefix,-4,PHSS0143
12999910,Samsung Galaxy S23 Lcd Screen,LCD Screen for Samsung Galaxy S23,samsung_prefix,1,PHPS0193
12999911,Samsung Galaxy S23 Ultra  Lcd Screen,LCD Screen for Samsung Galaxy S23 Ultra,samsung_prefix,-2,PHPS0194
12827835,Samsung Galaxy S3 i9300 Screen Assembly with Frame Black,Screen Assembly for Samsung Galaxy S3 i9300 with Frame Black,samsung_prefix,0,PHSS0038
12828176,Samsung Galaxy S3 i9300 Screen Assembly with Frame Blue,Screen Assembly for Samsung Galaxy S3 i9300 with Frame Blue,samsung_prefix,0,PHSS0039
12828168,Samsung Galaxy S3 i9300 Screen Assembly with Frame White,Screen Assembly for Samsung Galaxy S3 i9300 with Frame White,samsung_prefix,0,PHSS0040
12827863,Samsung Galaxy S3 i9300 Screen Assembly without Frame Black,Screen Assembly for Samsung Galaxy S3 i9300 no Frame Black,samsung_prefix,4,PHSS0041
12828181,Samsung Galaxy S3 i9300 Screen Assembly without Frame Blue,Screen Assembly for Samsung Galaxy S3 i9300 no Frame Blue,samsung_prefix,0,PHSS0042
12827884,Samsung Galaxy S3 i9300 Screen Assembly without Frame White,Screen Assembly for Samsung Galaxy S3 i9300 no Frame White,samsung_prefix,5,PHSS0043
12828210,Samsung Galaxy S3 mini Screen Assembly with Frame Blue,Screen Assembly for Samsung Galaxy S3 mini with Frame Blue,samsung_prefix,0,PHSS0044
12827891,Samsung Galaxy S3 mini Screen Assembly with Frame White,Screen Assembly for Samsung Galaxy S3 mini with Frame White,samsung_prefix,0,PHSS0045
12827642,Samsung Galaxy S3 mini Screen Glass Lens Black,Screen for Samsung Galaxy S3 mini Glass Lens Black,samsung_prefix,0,PHSS0046
12827608,Samsung Galaxy S3 mini Screen Glass Lens White,Screen for Samsung Galaxy S3 mini Glass Lens White,samsung_prefix,0,PHSS0047
12827892,Samsung Galaxy S3 mini Screen without Frame White,Screen for Samsung Galaxy S3 mini no Frame White,samsung_prefix,0,PHSS0048
12828044,Samsung Galaxy S3 Screen Glass Lens Black,Screen for Samsung Galaxy S3 Glass Lens Black,samsung_prefix,0,PHSS0076
12827607,Samsung Galaxy S3 Screen Glass Lens Blue,Screen for Samsung Galaxy S3 Glass Lens Blue,samsung_prefix,0,PHSS0077
12827641,Samsung Galaxy S3 Screen Glass Lens White,Screen for Samsung Galaxy S3 Glass Lens White,samsung_prefix,0,PHSS00075
12828161,Samsung Galaxy S4 i9500 Screen Assembly with Frame Black,Screen Assembly for Samsung Galaxy S4 i9500 with Frame Black,samsung_prefix,0,PHSS0078
12827834,Samsung Galaxy S4 i9500 Screen Assembly with Frame Blue,Screen Assembly for Samsung Galaxy S4 i9500 with Frame Blue,samsung_prefix,0,PHSS0049
12827849,Samsung Galaxy S4 i9500 Screen Assembly with Frame White,Screen Assembly for Samsung Galaxy S4 i9500 with Frame White,samsung_prefix,0,PHSS0050
12828160,Samsung Galaxy S4 i9505 Screen Assembly with Frame Black,Screen Assembly for Samsung Galaxy S4 i9505 with Frame Black,samsung_prefix,0,PHSS0051
12827822,Samsung Galaxy S4 i9505 Screen Assembly with Frame White,Screen Assembly for Samsung Galaxy S4 i9505 with Frame White,samsung_prefix,3,PHSS0053
12828178,Samsung Galaxy S4 i9506 Screen Assembly with Frame Black,Screen Assembly for Samsung Galaxy S4 i9506 with Frame Black,samsung_prefix,0,PHSS0085
12828179,Samsung Galaxy S4 i9506 Screen Assembly with Frame White,Screen Assembly for Samsung Galaxy S4 i9506 with Frame White,samsung_prefix,0,PHSS0084
12828189,Samsung Galaxy S4 mini Screen Assembly with Frame Blue,Screen Assembly for Samsung Galaxy S4 mini with Frame Blue,samsung_prefix,0,PHSS0054
12828184,Samsung Galaxy S4 mini Screen Assembly with Frame White,Screen Assembly for Samsung Galaxy S4 mini with Frame White,samsung_prefix,0,PHSS0055
12827606,Samsung Galaxy S4 mini Screen Glass Lens Black,Screen for Samsung Galaxy S4 mini Glass Lens Black,samsung_prefix,0,PHSS0056
12827605,Samsung Galaxy S4 mini Screen Glass Lens White,Screen for Samsung Galaxy S4 mini Glass Lens White,samsung_prefix,0,PHSS0057
12828203,Samsung Galaxy S4 Screen Assembly without Frame Black,Screen Assembly for Samsung Galaxy S4 no Frame Black,samsung_prefix,0,PHSS0058
12828202,Samsung Galaxy S4 Screen Assembly without Frame Blue,Screen Assembly for Samsung Galaxy S4 no Frame Blue,samsung_prefix,0,PHSS0059
12828205,Samsung Galaxy S4 Screen Assembly without Frame White,Screen Assembly for Samsung Galaxy S4 no Frame White,samsung_prefix,0,PHSS0060
12828039,Samsung Galaxy S4 Screen Glass Lens Black,Screen for Samsung Galaxy S4 Glass Lens Black,samsung_prefix,0,PHSS0061
12827639,Samsung Galaxy S4 Screen Glass Lens Blue,Screen for Samsung Galaxy S4 Glass Lens Blue,samsung_prefix,0,PHSS0080
12828045,Samsung Galaxy S4 Screen Glass Lens White,Screen for Samsung Galaxy S4 Glass Lens White,samsung_prefix,0,PHSS0079
12827815,Samsung Galaxy S5 Screen Assembly without Frame Black,Screen Assembly for Samsung Galaxy S5 no Frame Black,samsung_prefix,1,PHSS0062
12827814,Samsung Galaxy S5 Screen Assembly without Frame Blue,Screen Assembly for Samsung Galaxy S5 no Frame Blue,samsung_prefix,0,PHSS0063
12827816,Samsung Galaxy S5 Screen Assembly without Frame White,Screen Assembly for Samsung Galaxy S5 no Frame White,samsung_prefix,4,PHSS0064
12827604,Samsung Galaxy S5 Screen Glass Lens Black,Screen for Samsung Galaxy S5 Glass Lens Black,samsung_prefix,0,PHSS0065
12827621,Samsung Galaxy S5 Screen Glass Lens White,Screen for Samsung Galaxy S5 Glass Lens White,samsung_prefix,0,PHSS0066
12828139,Samsung Galaxy S6 Edge Screen Assembly without Frame White,Screen Assembly for Samsung Galaxy S6 Edge no Frame White,samsung_prefix,0,PHSS0082
12827789,Samsung Galaxy S6 Screen Assembly without Frame Blue,Screen Assembly for Samsung Galaxy S6 no Frame Blue,samsung_prefix,2,PHSS0067
12827785,Samsung Galaxy S6 Screen Assembly without Frame Gold,Screen Assembly for Samsung Galaxy S6 no Frame Gold,samsung_prefix,0,PHSS0081
12827788,Samsung Galaxy S6 Screen Assembly without Frame White,Screen Assembly for Samsung Galaxy S6 no Frame White,samsung_prefix,1,PHSS0068
12827760,Samsung Galaxy S7 Edge Screen Assembly with Frame Black,Screen Assembly for Samsung Galaxy S7 Edge with Frame Black,samsung_prefix,3,PHSS0087
12827763,Samsung Galaxy S7 Edge Screen Assembly with Frame Gold,Screen Assembly for Samsung Galaxy S7 Edge with Frame Gold,samsung_prefix,5,PHSS0088
12828157,Samsung Galaxy S7 Screen Assembly without Frame Black,Screen Assembly for Samsung Galaxy S7 no Frame Black,samsung_prefix,3,PHSS0083
12828152,Samsung Galaxy S7 Screen Assembly without Frame Gold,Screen Assembly for Samsung Galaxy S7 no Frame Gold,samsung_prefix,1,PHSS0086
12827783,Samsung Galaxy S7 Screen Assembly without Frame Silver,Screen Assembly for Samsung Galaxy S7 no Frame Silver,samsung_prefix,0,PHSS0092
12998243,Samsung Galaxy S8 Plus Screen,Screen for Samsung Galaxy S8 Plus,samsung_prefix,6,PHSS0099
12827532,Samsung Galaxy S8 Screen,Screen for Samsung Galaxy S8,samsung_prefix,0,PHSS0097
12999054,Samsung Galaxy S8 Second Hand Screen (Black Dot),Screen for Samsung Galaxy S8 Second Hand ( Dot) Black,samsung_prefix,0,PHSS0125
12998244,Samsung Galaxy S9 Plus Screen,Screen for Samsung Galaxy S9 Plus,samsung_prefix,3,PHSS0100
12998242,Samsung Galaxy S9 Screen,Screen for Samsung Galaxy S9,samsung_prefix,0,PHSS0098
12828173,Samsung Galaxy Tab 3 SM-T310 Screen Assembly,Screen Assembly for Samsung Galaxy Tab 3 SM-T310,samsung_prefix,0,PHSS0069
12999577,Samsung Galaxy Tab A 8.0 (2017) Screen,Screen for Samsung Galaxy Tab A 8.0 (2017),samsung_prefix,1,TABP004
12999887,Samsung Galaxy Tab A7 Lcd Screen,LCD Screen for Samsung Galaxy Tab A7,samsung_prefix,0,TABP006
12999530,Samsung Galaxy Tab SM-T330 Touch Screen WHITE,Screen for Samsung Galaxy Tab SM-T330 Touch White,samsung_prefix,0,TABP002
12827906,Samsung Galaxy Xcover 3 Touch Screen,Screen for Samsung Galaxy Xcover 3 Touch,samsung_prefix,0,PHSS0093
12827905,Samsung Galaxy Xcover 4 Touch Screen,Screen for Samsung Galaxy Xcover 4 Touch,samsung_prefix,2,PHSS0095
12999660,Samsung Galaxy Xcover Pro Screen,Screen for Samsung Galaxy Xcover Pro,samsung_prefix,0,PHSS0146
12998045,Samsung J4 plus Screen ,Screen for Samsung J4 Plus,samsung_prefix,-1,
12998241,Samsung J7 Pro Screen,Screen for Samsung J7 Pro,samsung_prefix,1,PHPS0073
12998417,Samsung Phone S10 Screen,Screen for Samsung Phone S10,samsung_prefix,0,PHSS0103
12999509,Samsung S20 FE Org. Cracked Screen for Sell,Screen for Samsung S20 FE Org. Cracked for Sell,samsung_prefix,-2,PHSC0006
12999263,Samsung S21 Ultra LCD Screen,LCD Screen for Samsung S21 Ultra,samsung_prefix,-1,PHSS0132
13000254,SAMSUNG S22PUS LCD  SCREEN REPLACMENT,LCD Screen for Samsung S22PUS,samsung_prefix,-1,PHPS0293
12828289,Samsung Tab 3 SM-T310 Touch Screen Black,Screen for Samsung Tab 3 SM-T310 Touch Black,samsung_prefix,0,PHSS0070
12828288,Samsung Tab 3 SM-T310 Touch Screen White,Screen for Samsung Tab 3 SM-T310 Touch White,samsung_prefix,0,PHSS0071
12998808,Samsung Tablet SM-T290/T295 screen,Screen for Samsung Tablet SM-T290/T295,samsung_prefix,0,TABP001
12999937,"Apple ipad 12.9"" Lcd","LCD Screen for iPad 12.9""",apple_prefix,0,PHSA0130
12999914,Apple ipad 9th Gen Lcd,LCD Screen for iPad 9th Gen,apple_prefix,0,PHSA0128
12999791,Apple Ipad Air 3rd Gen A2152 LCD,LCD Screen for iPad Air 3rd Gen A2152,apple_prefix,0,PHSA0112
12999785,"Apple Ipad Pro 10.5"" A1709 LCD","LCD Screen for iPad Pro 10.5"" A1709",apple_prefix,0,PHSA0111
12999938,"Apple ipad pro 11"" LCD","LCD Screen for iPad Pro 11""",apple_prefix,0,PHSA0131
12999927,"Apple ipad pro 9.7"" Lcd","LCD Screen for iPad Pro 9.7""",apple_prefix,0,PHSA0129
13000008,Apple Macbook A2681 LCD Replacement,LCD Screen for MacBook A2681,apple_prefix,0,LPS00091
12999543,Apple MacBook Pro A2159 2018 2019 A1989 A2289 LCD,LCD Screen for MacBook Pro A2159 2018 2019 A1989 A2289,apple_prefix,1,LPS00063
13000213,iphone 13 mini lcd,LCD Screen for iPhone 13 mini,iphone_prefix,0,
12828297,iPhone 3G LCD,LCD Screen for iPhone 3G,iphone_prefix,0,PHSA0008
12827966,iPhone 3GS LCD,LCD Screen for iPhone 3GS,iphone_prefix,0,PHSA0011
12827868,Samsung Galaxy Xcover 3 LCD,LCD Screen for Samsung Galaxy Xcover 3,samsung_prefix,0,PHSS0094
12828133,Samsung Galaxy Xcover 4 LCD,LCD Screen for Samsung Galaxy Xcover 4,samsung_prefix,1,PHSS0096
13001189,iPhone 16e Aftermarket OLED Screen,OLED Screen for iPhone 16e,iphone_prefix,0,
12999445,Apple iPad 5 Retina Display 32GB Space Grey Refurb,Screen for iPad 5 Retina 32GB Space Grey Refurb Space Gray,apple_prefix,1,STA00044
